0,1,2
2378,12205,credit
576,2446,withdraw
704,5584,credit
3818,4916,withdraw
1972,2039,credit
2632,3894,withdraw
1539,7836,withdraw
2484,3786,withdraw
1695,13695,withdraw
793,975,withdraw
1726,3706,withdraw
485,9005,withdraw
2177,2067,credit
2357,2532,credit
2881,3300,credit
9635,1556,credit
652,5547,credit
1844,1375,credit
1926,1821,credit
3510,14175,credit
1276,2175,withdraw
2393,4089,withdraw
435,2073,credit
192,2340,withdraw
2122,11849,withdraw
1637,1885,withdraw
2087,10198,credit
764,2451,withdraw
3592,2444,withdraw
3871,1371,withdraw
3487,5282,credit
1493,1740,withdraw
374,9482,withdraw
1730,2438,withdraw
2379,1722,withdraw
2925,2770,withdraw
1628,1831,withdraw
866,3150,withdraw
1338,7914,withdraw
1979,1179,withdraw
346,7307,withdraw
1909,925,withdraw
2099,12365,credit
3760,14304,credit
5270,15126,credit
2926,2744,withdraw
1699,1797,withdraw
3909,6716,withdraw
1731,1925,credit
11265,2655,withdraw
2519,2016,credit
1481,1244,credit
10364,4808,credit
4034,2815,withdraw
401,4468,withdraw
2330,1179,credit
1806,2033,credit
3834,3334,withdraw
1222,2441,withdraw
212,17982,withdraw
1019,5476,withdraw
459,1704,credit
456,19597,credit
772,6562,credit
11295,5117,withdraw
1536,9805,credit
2676,4282,withdraw
2970,4969,withdraw
1179,1783,credit
2425,3558,withdraw
280,3936,withdraw
4055,8951,withdraw
3704,2330,withdraw
9307,7385,withdraw
5065,10256,withdraw
5891,10796,withdraw
477,4616,withdraw
1000,7898,withdraw
1750,7972,withdraw
2023,5849,withdraw
1649,4212,withdraw
6473,11342,withdraw
163,2144,credit
2670,8657,withdraw
2566,1793,credit
1127,8689,credit
9,1929,credit
1144,1333,withdraw
443,935,withdraw
4296,8104,withdraw
2902,6472,withdraw
3693,6204,credit
2070,4766,withdraw
4078,11154,withdraw
1843,5849,withdraw
2714,2813,credit
1675,1747,credit
5868,11737,credit
2574,5709,credit
1805,9194,credit
3007,5730,withdraw
862,15320,credit
2434,2210,credit
1132,18525,credit
4484,12368,credit
3514,1341,withdraw
943,1276,withdraw
465,5692,withdraw
3983,7007,withdraw
9265,8626,withdraw
411,6833,withdraw
890,2968,withdraw
982,1508,withdraw
627,7956,withdraw
3960,1966,credit
2256,1969,withdraw
2429,4769,withdraw
8051,9270,withdraw
2241,3369,withdraw
7753,12706,credit
830,7879,credit
2647,4822,withdraw
1830,4944,withdraw
4240,11893,withdraw
1965,10719,credit
5622,9165,withdraw
1477,1267,withdraw
1006,1056,credit
244,1264,credit
9188,3207,credit
2884,2796,credit
1134,4072,credit
1601,1719,withdraw
2220,2378,withdraw
813,4547,credit
2585,6810,withdraw
2861,2222,credit
2342,1279,withdraw
2763,13630,credit
1944,6611,withdraw
1966,7419,withdraw
2293,2590,credit
2543,2157,withdraw
1801,7333,withdraw
11013,10974,withdraw
2423,1868,withdraw
142,1803,credit
3424,7883,withdraw
539,11477,withdraw
3554,2330,credit
979,6689,withdraw
3374,9803,credit
3545,8031,credit
3047,1381,withdraw
96,9979,withdraw
461,2140,credit
3026,8132,credit
3593,5048,withdraw
128,2042,credit
3787,7592,withdraw
3691,2586,withdraw
1054,3729,withdraw
2433,1779,credit
4937,9070,credit
2124,6745,withdraw
322,6337,credit
3168,2361,withdraw
4355,2506,withdraw
2396,1819,credit
1678,7256,withdraw
925,7498,withdraw
1005,12754,withdraw
2110,1326,withdraw
697,8270,withdraw
1366,2380,credit
3117,2229,withdraw
1050,8671,credit
2242,15460,withdraw
562,2900,withdraw
197,8772,withdraw
5369,2710,withdraw
496,2517,withdraw
7401,6434,withdraw
2,6420,withdraw
1829,3162,withdraw
428,2521,credit
3651,2018,credit
2486,12740,credit
1688,2088,withdraw
3008,2389,withdraw
9203,12012,credit
1575,2123,withdraw
361,7673,withdraw
1775,2555,credit
239,8578,withdraw
3302,1050,credit
1713,2864,withdraw
415,5183,credit
1077,2741,withdraw
4134,10907,withdraw
3513,6375,withdraw
1378,6092,withdraw
2503,3999,withdraw
559,2154,withdraw
6555,9688,withdraw
882,4467,credit
744,2137,withdraw
86,1085,withdraw
1545,7552,withdraw
2666,993,credit
3935,5295,withdraw
396,5819,withdraw
2694,5806,withdraw
1126,2204,withdraw
3734,2501,credit
944,6241,withdraw
2453,1411,withdraw
4596,8892,withdraw
2489,2278,credit
2895,6719,credit
2555,6105,withdraw
317,2234,credit
2219,15264,credit
494,9025,withdraw
2581,7073,withdraw
112,2485,withdraw
3674,12194,withdraw
395,7439,withdraw
2039,3969,withdraw
2712,2530,withdraw
123,1959,withdraw
9640,6439,withdraw
2974,2152,credit
2508,1748,withdraw
588,2359,credit
7231,13406,withdraw
3108,1066,withdraw
2458,11647,withdraw
6701,13298,withdraw
3883,2183,withdraw
222,14775,credit
2497,2656,withdraw
3835,4856,credit
1372,2994,credit
7445,8483,credit
6034,9907,credit
115,3286,withdraw
1189,1129,withdraw
11065,4402,withdraw
425,1965,withdraw
860,5021,withdraw
2527,11725,credit
9883,8964,withdraw
1535,2327,withdraw
3675,16178,withdraw
892,1959,credit
2762,11500,credit
3069,8314,withdraw
2651,12995,withdraw
2618,2529,credit
5442,8110,withdraw
1787,10076,withdraw
1397,6469,withdraw
3785,9237,withdraw
3678,3867,withdraw
623,1048,withdraw
8260,14588,withdraw
3001,2385,withdraw
655,5809,withdraw
4093,2566,withdraw
1332,8126,withdraw
2528,1766,credit
2011,905,credit
1721,1799,credit
3260,11051,withdraw
3283,7609,withdraw
3781,9505,withdraw
7203,7430,credit
1402,2380,credit
1157,2666,credit
1065,2402,withdraw
4347,2555,credit
3076,1760,withdraw
3586,5653,withdraw
9403,6035,credit
1115,1369,withdraw
1874,1219,withdraw
423,1175,withdraw
5483,6692,credit
187,1752,withdraw
62,1963,withdraw
8330,5976,withdraw
1771,2242,withdraw
2493,3717,withdraw
6425,4429,withdraw
3923,8453,withdraw
2245,11992,withdraw
2896,1089,credit
3391,5471,withdraw
1898,4891,withdraw
3367,7798,credit
3915,8435,credit
1780,9078,withdraw
8519,10562,withdraw
3980,3016,withdraw
4350,9238,credit
686,3180,withdraw
362,3003,credit
299,14668,withdraw
2488,1317,withdraw
2985,1746,withdraw
2056,9330,credit
2817,5745,credit
385,983,credit
748,4154,withdraw
2002,2438,credit
220,2094,withdraw
1422,2122,withdraw
1891,1245,withdraw
3788,2649,credit
1147,9789,withdraw
1239,2720,withdraw
3213,1017,credit
8321,3375,withdraw
3644,1449,credit
2648,3404,withdraw
4318,16802,withdraw
2838,13007,credit
2313,4119,withdraw
7123,13490,credit
5428,10157,withdraw
279,997,credit
104,1046,withdraw
1152,1320,credit
497,8015,withdraw
83,3290,withdraw
3327,3732,withdraw
5740,10479,withdraw
2008,3992,withdraw
2216,11764,credit
10738,9119,withdraw
1815,5694,credit
8132,8351,credit
4321,14619,credit
2823,1342,withdraw
7454,1557,withdraw
1773,1850,credit
10973,13254,credit
2599,9603,credit
188,6990,credit
1166,6019,credit
504,1388,credit
1518,7272,withdraw
2189,6210,credit
6040,5636,withdraw
2876,6463,credit
6897,12363,withdraw
1505,4912,withdraw
9707,10472,credit
4377,14759,withdraw
717,7726,credit
2814,1862,withdraw
3068,2526,withdraw
928,3153,withdraw
1032,18862,credit
2639,8776,withdraw
1476,2486,withdraw
897,9576,withdraw
977,5390,credit
168,1231,withdraw
2175,11992,credit
10105,11629,credit
1392,7775,credit
3697,4385,withdraw
5313,8117,withdraw
2222,10781,credit
2641,7784,withdraw
5423,7570,withdraw
2609,13011,withdraw
4254,3192,credit
3965,5933,withdraw
5472,2249,withdraw
2932,8495,credit
10656,7313,withdraw
4743,13162,credit
1822,1970,credit
887,1997,credit
1048,2357,credit
1236,2366,withdraw
1671,2138,withdraw
3999,4392,credit
3316,5870,credit
2037,5579,credit
10079,12198,withdraw
1200,6596,withdraw
551,2603,credit
3050,9871,withdraw
1161,2414,credit
5372,13695,credit
1784,2499,withdraw
1887,3451,credit
1644,4212,withdraw
1603,3260,credit
1071,9411,credit
1658,1077,credit
44,1739,withdraw
1039,14210,credit
2410,2508,withdraw
790,9253,withdraw
2583,1279,credit
2523,852,credit
751,1726,withdraw
1782,2387,withdraw
8261,4684,withdraw
2061,1656,withdraw
2321,14143,credit
3649,5864,credit
1334,2624,credit
555,6573,credit
3173,1532,withdraw
863,11938,credit
3181,2430,credit
3284,3194,credit
1610,9490,withdraw
489,6197,withdraw
3210,9892,credit
947,1912,credit
1937,1921,withdraw
4225,9887,withdraw
991,7893,credit
1412,4063,withdraw
1180,6595,withdraw
2758,3226,credit
2711,7281,credit
11111,11238,withdraw
9591,9507,withdraw
3099,2283,credit
1652,2472,withdraw
9828,11397,withdraw
5385,5409,credit
2645,3127,credit
23,8637,withdraw
2991,6142,withdraw
3469,2175,withdraw
3064,2941,withdraw
1851,2763,withdraw
3844,1357,withdraw
1442,6870,withdraw
3558,11034,withdraw
1534,4907,withdraw
334,5774,withdraw
119,7874,withdraw
1272,6034,credit
1786,6758,withdraw
3796,5653,credit
2436,3857,withdraw
3063,1339,withdraw
18,11361,withdraw
11320,6919,withdraw
3888,2005,withdraw
1584,1316,credit
5546,9749,credit
10911,6988,credit
2029,1919,withdraw
2467,8225,withdraw
2962,11360,credit
165,2361,withdraw
1617,2214,withdraw
510,7103,withdraw
4448,10781,credit
327,4933,withdraw
640,1840,withdraw
2068,1216,withdraw
2534,2022,withdraw
1018,1425,withdraw
3670,1904,credit
1743,1710,credit
1285,7017,withdraw
3258,8946,withdraw
2146,6696,withdraw
4576,6633,withdraw
3072,8697,withdraw
8934,4781,withdraw
2176,8568,withdraw
1999,7516,withdraw
2741,10567,credit
3682,2479,withdraw
2862,7701,credit
3032,2434,withdraw
4427,4348,credit
1207,7061,credit
2327,6962,withdraw
3713,14259,credit
6281,4508,withdraw
5129,13992,withdraw
774,2384,credit
1247,11133,withdraw
5343,6268,credit
701,2504,credit
306,2484,credit
3566,2057,credit
2388,1467,credit
1990,1259,credit
10266,9700,withdraw
3542,1346,withdraw
3771,11343,credit
1978,8571,credit
1515,6992,withdraw
2022,1776,credit
433,3328,credit
4171,10847,credit
1373,1068,credit
3133,6304,withdraw
1475,7657,withdraw
3246,3017,credit
135,2278,withdraw
446,8711,withdraw
2779,4598,withdraw
432,3270,credit
5767,3150,withdraw
9093,4664,credit
2880,6260,credit
1998,9983,credit
2933,10443,withdraw
2554,9116,credit
773,4130,withdraw
3969,7143,credit
1277,2384,withdraw
4894,10135,withdraw
148,991,credit
899,7387,credit
1299,1414,withdraw
738,6476,credit
5120,9719,withdraw
3786,14142,credit
3521,17524,withdraw
886,6819,withdraw
5228,16058,withdraw
702,1843,credit
300,2320,withdraw
1837,8028,withdraw
2940,8302,withdraw
1451,2439,credit
3954,2266,withdraw
885,6666,withdraw
2697,2221,credit
8129,7053,withdraw
3775,2232,withdraw
2411,9559,withdraw
1930,2345,credit
9034,5224,credit
902,2423,credit
3096,5251,withdraw
630,1470,credit
3435,1885,credit
2687,2441,withdraw
2552,6461,withdraw
5215,3495,withdraw
36,7198,withdraw
2736,3977,credit
2464,9832,withdraw
1861,5092,withdraw
929,3553,credit
1145,971,withdraw
2298,8496,credit
1118,2748,credit
3778,8104,withdraw
381,3565,credit
1852,1363,credit
2705,5973,withdraw
4352,9746,withdraw
8173,13677,credit
1322,1532,credit
9472,9791,withdraw
368,2280,withdraw
1425,2988,withdraw
78,6365,credit
2186,2087,withdraw
8027,13634,withdraw
35,1842,withdraw
1566,3832,withdraw
3261,3099,withdraw
3939,3069,credit
2336,2295,credit
2078,5447,credit
2584,1361,withdraw
3882,948,withdraw
907,1447,withdraw
4159,2615,credit
1411,4826,credit
1684,10582,withdraw
3748,1077,withdraw
2213,3868,withdraw
1062,9072,withdraw
273,4109,credit
10320,8368,credit
3277,7140,credit
1416,12076,withdraw
1892,1869,credit
3654,7424,withdraw
3413,2654,withdraw
1544,5938,withdraw
3955,2724,withdraw
3000,3298,credit
9703,10973,withdraw
234,2341,credit
3241,2336,withdraw
3078,1343,withdraw
1497,3223,credit
3152,5059,withdraw
3465,3825,credit
400,5428,withdraw
1902,5267,credit
757,2632,credit
5700,4090,withdraw
1116,4943,credit
6273,8697,withdraw
2818,14083,credit
408,4812,withdraw
3222,931,withdraw
3267,4549,withdraw
2513,1645,withdraw
3493,1459,credit
1201,4775,credit
4478,10311,credit
2915,18353,credit
1069,1916,withdraw
2253,2246,withdraw
9833,12945,withdraw
4035,11912,withdraw
1268,1438,withdraw
207,1703,credit
3212,991,withdraw
3287,7973,withdraw
6226,14425,withdraw
2123,1400,withdraw
2732,13063,withdraw
3629,4322,withdraw
2701,3351,withdraw
2841,3545,credit
1297,6359,withdraw
563,3811,withdraw
3982,1236,withdraw
225,2355,credit
7485,7768,withdraw
1630,2297,credit
2088,2250,withdraw
445,6607,withdraw
403,2131,withdraw
186,12444,credit
3720,2153,credit
574,15651,credit
1429,1289,withdraw
759,1422,withdraw
3738,8048,credit
6363,4661,withdraw
7819,2198,credit
3580,4672,withdraw
4000,2585,withdraw
9041,10172,withdraw
930,5294,credit
1834,6548,credit
1925,2462,withdraw
2620,2614,credit
1507,7866,credit
3609,6622,withdraw
1382,1199,credit
2199,1354,withdraw
601,1312,withdraw
2938,10911,withdraw
3298,3219,credit
3745,8614,withdraw
7857,8972,withdraw
6636,8460,credit
816,11227,credit
3699,7445,credit
3656,2250,credit
2038,2198,credit
3136,3756,credit
1136,9887,withdraw
2542,1816,withdraw
1589,1131,credit
3547,1701,credit
3127,11097,credit
3538,10151,withdraw
2167,8136,withdraw
47,8652,withdraw
26,9764,withdraw
657,1950,credit
747,1985,credit
3850,6359,withdraw
5366,13383,credit
1701,10900,credit
11021,10001,credit
3600,2346,credit
3613,3142,credit
3166,9425,withdraw
3792,2097,credit
523,5074,withdraw
3808,4920,withdraw
541,5810,withdraw
1401,2417,withdraw
1023,9016,withdraw
3683,8656,withdraw
3220,8791,credit
1912,2411,credit
238,1332,credit
1779,6569,withdraw
5481,12537,withdraw
3113,8968,withdraw
942,1995,withdraw
3035,14103,withdraw
2616,7516,withdraw
3221,1655,withdraw
2137,8085,credit
3891,5809,withdraw
2771,7208,withdraw
9236,3691,withdraw
978,2437,withdraw
2417,1869,withdraw
552,1941,credit
274,7600,withdraw
8212,12674,credit
3868,2196,credit
9869,6547,credit
1875,1951,credit
3477,1333,withdraw
3053,4122,withdraw
1057,1930,withdraw
1513,3764,withdraw
6030,7889,credit
3306,4170,withdraw
1761,3391,withdraw
3407,9006,credit
162,2292,credit
815,1176,credit
1305,4330,credit
5011,12050,withdraw
965,2020,credit
3837,5739,credit
1449,2114,withdraw
3361,3926,withdraw
33,9395,withdraw
950,8187,withdraw
2510,5582,withdraw
6051,3617,withdraw
389,2325,credit
730,13621,credit
2894,15777,withdraw
3319,1313,withdraw
10451,3754,credit
721,1325,withdraw
1694,14043,withdraw
1106,9230,withdraw
172,8156,withdraw
1337,2484,credit
3920,12252,credit
3011,1102,credit
2592,4535,withdraw
146,2558,withdraw
2576,10329,credit
3195,1604,withdraw
8073,9685,withdraw
2082,6466,withdraw
4463,3782,withdraw
160,4228,withdraw
2020,2194,credit
117,1889,credit
3509,2333,withdraw
7607,4839,withdraw
151,1834,credit
1719,1848,credit
1827,1882,withdraw
7190,3108,credit
2951,3366,credit
3456,2493,credit
5952,7559,credit
1197,1550,withdraw
1689,1988,withdraw
3575,3099,withdraw
3323,7916,withdraw
2649,2883,withdraw
6930,9313,withdraw
2691,1039,withdraw
1107,2260,credit
2428,6884,withdraw
8475,2003,withdraw
1091,1371,withdraw
2907,2686,credit
2302,4217,credit
1487,1260,withdraw
4414,3752,withdraw
3157,1890,credit
1410,7489,withdraw
1146,7105,withdraw
750,6214,withdraw
2150,1374,credit
8564,9692,withdraw
10940,7668,withdraw
10440,2606,credit
10036,9303,credit
861,6069,credit
9337,5878,credit
1234,2455,credit
7774,8179,withdraw
1079,9956,credit
1547,10414,withdraw
3863,5126,withdraw
3480,5926,withdraw
1705,6415,credit
3310,2143,withdraw
6715,5721,withdraw
2671,1391,withdraw
3255,1591,credit
3028,1694,credit
3751,6546,withdraw
2802,1576,withdraw
2695,7649,withdraw
2849,2447,withdraw
2987,8847,withdraw
857,1980,credit
3042,5215,withdraw
7133,1316,withdraw
34,10416,withdraw
2282,15245,credit
699,14139,credit
837,7967,credit
8759,9825,withdraw
8489,5305,credit
153,5591,withdraw
3408,9273,credit
1602,1903,credit
2958,2175,credit
3268,983,withdraw
1831,2349,withdraw
854,2768,withdraw
1811,6943,withdraw
517,9028,withdraw
1440,1064,withdraw
39,2039,withdraw
1404,6451,withdraw
3822,7151,withdraw
3505,8602,credit
1804,10934,withdraw
467,3599,withdraw
2617,1113,credit
4437,2307,credit
8982,9078,credit
1453,13900,withdraw
3977,2022,credit
4511,2784,withdraw
27,3423,credit
10227,9717,credit
1052,3264,credit
228,7187,withdraw
3171,1997,withdraw
3618,5629,withdraw
1016,6614,credit
3237,6419,withdraw
15,6382,withdraw
7769,12292,credit
1485,7757,withdraw
2613,1736,credit
1896,10682,withdraw
2201,920,credit
3535,1289,withdraw
1120,1819,withdraw
5387,4022,credit
235,1127,withdraw
3701,2408,credit
4013,4827,credit
7011,10366,credit
4059,1281,withdraw
4659,11195,withdraw
1816,1764,credit
4543,2445,withdraw
1981,1121,credit
1516,1456,withdraw
2132,9440,credit
678,2375,withdraw
2427,4862,credit
8566,6753,withdraw
2793,1422,withdraw
2623,2395,withdraw
2479,1982,withdraw
492,2642,withdraw
8041,12794,withdraw
799,1835,credit
11135,5049,withdraw
1468,1074,withdraw
3972,5485,credit
624,14438,withdraw
3483,1313,withdraw
616,2498,withdraw
4260,8909,credit
931,1579,withdraw
102,5314,withdraw
540,3142,withdraw
2660,14651,withdraw
4287,2969,withdraw
3551,1135,credit
2072,9592,credit
4119,1978,withdraw
1345,7279,credit
2052,2907,withdraw
2824,4953,credit
1565,1913,withdraw
1767,5779,withdraw
1051,5948,withdraw
2140,1478,credit
2050,4122,credit
3927,2069,credit
2276,1785,withdraw
126,9257,credit
838,1824,credit
2667,1340,credit
2859,11736,credit
1789,1834,withdraw
3264,1882,withdraw
419,2295,withdraw
1217,1045,withdraw
3892,1370,withdraw
2345,6629,withdraw
198,1589,credit
5256,8843,withdraw
40,2476,withdraw
397,12795,withdraw
3146,1568,credit
2180,1915,withdraw
287,1569,withdraw
259,2128,withdraw
354,4228,credit
1666,2273,credit
1133,1670,withdraw
3225,7439,credit
1123,5405,withdraw
542,1788,withdraw
1495,8085,credit
1381,1722,credit
2582,6917,credit
4470,16693,withdraw
2435,12839,withdraw
2250,8177,withdraw
3086,8154,withdraw
4079,8168,withdraw
340,1762,withdraw
841,2084,withdraw
520,1470,withdraw
3371,11580,credit
2269,3813,withdraw
2867,8437,credit
3640,2509,withdraw
107,2223,withdraw
3354,2727,credit
743,1818,withdraw
243,13527,withdraw
3687,4759,withdraw
1984,5775,credit
73,7007,withdraw
4255,13634,credit
4173,2354,credit
3352,1802,credit
2700,7879,withdraw
7965,8157,withdraw
2318,5791,withdraw
3948,3755,credit
648,7285,withdraw
462,7749,credit
3243,2749,credit
8625,11465,credit
3688,6683,withdraw
5984,7027,withdraw
3326,15071,withdraw
3091,5075,credit
3548,2416,withdraw
2457,2543,credit
998,9746,withdraw
321,2019,withdraw
626,2850,withdraw
2738,4674,credit
1947,2584,withdraw
519,2598,withdraw
2549,2239,withdraw
1809,6053,credit
8957,8542,withdraw
2665,2503,withdraw
1114,8986,withdraw
2271,1223,withdraw
914,1394,withdraw
10906,10701,credit
9656,11549,withdraw
3660,2192,withdraw
196,3496,withdraw
3218,1061,withdraw
787,2507,withdraw
3820,4959,credit
3617,4573,withdraw
1941,8755,credit
1664,8523,credit
3370,9954,withdraw
4337,12389,credit
3938,9081,credit
2557,2102,withdraw
1527,9052,credit
10670,11741,withdraw
1686,1882,credit
3309,4405,withdraw
3107,2240,withdraw
8377,6514,credit
345,6031,credit
3571,2147,withdraw
5991,4734,withdraw
498,9231,credit
10439,11803,withdraw
1128,2289,withdraw
1302,2467,credit
10788,5902,credit
4343,6647,withdraw
2460,3193,credit
1931,2922,withdraw
4385,2900,withdraw
1286,14237,withdraw
2972,14269,withdraw
1235,1531,withdraw
545,4501,credit
7449,2476,credit
245,9700,withdraw
688,1539,credit
5927,3495,credit
173,4513,withdraw
604,3801,withdraw
10904,2200,credit
6806,9430,credit
6353,6941,withdraw
7844,11398,credit
2419,14415,withdraw
1288,2286,withdraw
10131,6759,credit
3003,3695,credit
1952,6683,withdraw
2989,2138,credit
1499,2805,credit
651,6871,withdraw
2739,2602,withdraw
3570,2784,withdraw
4237,13865,withdraw
426,6908,withdraw
4526,5988,withdraw
1621,5922,withdraw
344,4615,withdraw
1359,1106,withdraw
290,8197,withdraw
437,7331,withdraw
1204,7540,withdraw
1314,6759,credit
66,18828,withdraw
3145,2091,credit
3087,864,withdraw
2588,6512,withdraw
2063,2132,withdraw
3129,2407,credit
597,7453,withdraw
956,2696,withdraw
4264,9487,withdraw
3223,11586,credit
884,1351,withdraw
10663,11942,withdraw
2306,4120,credit
3345,1663,withdraw
737,1938,withdraw
1970,7098,withdraw
1673,1798,credit
2504,9028,credit
3918,3872,withdraw
2980,2013,credit
358,872,withdraw
903,1576,withdraw
3380,2962,credit
2128,2223,withdraw
3039,3299,credit
1680,7244,withdraw
2305,1736,withdraw
391,2139,withdraw
1762,5136,credit
1588,1712,withdraw
61,1400,credit
183,4989,withdraw
2476,1901,withdraw
365,4955,withdraw
3196,2079,credit
347,10219,credit
1877,1925,withdraw
180,9254,withdraw
1225,8011,credit
2928,2353,withdraw
3825,3504,withdraw
2813,3812,credit
1605,13678,credit
1792,2323,credit
1604,6478,withdraw
3429,1984,withdraw
441,13153,credit
883,4917,withdraw
4514,19960,credit
1088,2181,withdraw
3094,4030,withdraw
2768,1719,credit
1768,5099,credit
1882,1962,credit
3292,2031,withdraw
719,1382,withdraw
2257,1382,credit
5092,1660,withdraw
2733,1158,credit
3056,1601,credit
1940,2036,credit
3669,2549,withdraw
1419,2291,withdraw
3604,2631,withdraw
2971,10818,credit
1959,2176,withdraw
3164,2047,credit
2770,1257,credit
3197,1308,withdraw
3135,8112,withdraw
6148,7037,withdraw
1080,8787,withdraw
7944,7927,credit
2010,2382,withdraw
100,4177,credit
1098,1909,withdraw
2913,1540,credit
1153,4023,withdraw
2842,934,credit
1635,6756,withdraw
3759,1873,withdraw
2161,5012,withdraw
2778,4689,withdraw
3594,10481,withdraw
2789,3680,withdraw
1552,9356,withdraw
1458,6101,credit
628,2144,credit
2673,4015,withdraw
1788,2036,credit
1193,5825,credit
1512,5439,credit
969,2594,credit
3997,3713,withdraw
1164,2366,credit
2179,7404,withdraw
4774,7604,withdraw
4413,11073,credit
1824,7642,withdraw
1231,6706,credit
2664,4717,credit
1627,3433,withdraw
9104,8288,credit
2326,6716,credit
4356,3318,withdraw
3667,2171,credit
742,1691,withdraw
2538,2477,withdraw
127,1415,withdraw
726,2464,withdraw
2628,13133,credit
4907,4209,withdraw
3898,2411,withdraw
6472,12834,credit
2472,5898,withdraw
1770,7694,withdraw
1159,4286,credit
4418,3702,withdraw
1470,4971,withdraw
1813,12736,credit
4416,2397,withdraw
3876,11873,withdraw
2315,1719,withdraw
4329,3105,credit
1317,2602,withdraw
3184,2105,credit
370,960,credit
2675,4534,credit
3840,2260,withdraw
4009,10511,withdraw
3886,12790,credit
3445,5183,withdraw
2482,3128,withdraw
2361,3251,credit
974,11063,withdraw
2959,14676,withdraw
1880,2122,withdraw
2501,5477,withdraw
3355,2114,withdraw
1073,3079,credit
3101,1201,withdraw
8558,5904,withdraw
1169,9443,withdraw
2568,6404,withdraw
3684,2555,credit
1406,1490,withdraw
71,5435,credit
3528,8180,credit
6118,7349,credit
3405,7548,credit
2382,2382,credit
1570,1818,credit
3307,2591,withdraw
1511,15001,credit
1237,12998,withdraw
3378,4739,withdraw
989,1748,credit
3253,12887,credit
1626,9120,credit
1987,8357,withdraw
289,5619,withdraw
817,7265,withdraw
2228,8802,withdraw
904,8272,withdraw
3599,2196,withdraw
3824,4218,credit
470,2444,withdraw
22,6772,withdraw
1273,7609,withdraw
237,1036,withdraw
572,5510,withdraw
59,4682,withdraw
1269,4009,credit
855,5345,credit
3183,2463,withdraw
1969,4372,withdraw
1158,2248,withdraw
2799,10265,withdraw
1042,5262,credit
2713,2468,withdraw
740,1147,credit
493,7471,withdraw
3804,8512,withdraw
2067,2591,credit
4259,11917,withdraw
2886,2485,credit
761,1458,credit
1918,2797,withdraw
3036,8191,withdraw
4408,12440,withdraw
3259,1252,withdraw
2009,7740,credit
1194,7979,credit
3718,1450,withdraw
3201,3280,credit
460,2450,credit
784,5915,withdraw
1353,5635,credit
1256,4550,withdraw
2154,1309,withdraw
3714,7508,withdraw
1820,6874,credit
2494,11158,withdraw
900,3743,withdraw
575,3293,withdraw
2399,2393,withdraw
343,1564,credit
1467,7887,withdraw
31,15283,withdraw
1375,6784,withdraw
1371,1955,credit
844,15334,withdraw
3134,7382,credit
908,2233,credit
2092,10126,withdraw
277,10756,credit
3747,3045,credit
2511,4556,withdraw
3595,4669,withdraw
4245,6283,withdraw
3838,6020,withdraw
1388,10482,withdraw
82,14724,credit
3653,6986,withdraw
524,7461,withdraw
543,1154,withdraw
1949,3125,withdraw
3912,1963,withdraw
1865,2215,withdraw
451,1217,credit
1184,15236,withdraw
50,5085,withdraw
363,14171,credit
2454,2943,withdraw
2740,10164,credit
2847,3295,credit
8405,5007,credit
1871,9713,withdraw
266,19138,credit
1879,1041,withdraw
2259,1812,withdraw
609,856,withdraw
2375,7686,withdraw
216,2047,withdraw
56,6013,withdraw
9750,9967,credit
7824,9833,withdraw
2996,3490,credit
649,12045,credit
2170,13946,withdraw
1509,4881,withdraw
2903,8840,withdraw
2001,13808,credit
3717,6539,credit
2496,3171,withdraw
4195,14821,credit
2227,12897,credit
3636,3359,credit
1826,7750,withdraw
9583,12856,credit
2749,12857,withdraw
4066,10429,credit
2662,2280,withdraw
535,5940,withdraw
1053,3276,withdraw
1838,9842,withdraw
3372,9359,withdraw
3037,8584,withdraw
11333,8539,withdraw
985,1376,credit
6924,7648,withdraw
700,1745,withdraw
3484,9273,withdraw
3289,4079,withdraw
2638,5649,withdraw
1634,6238,withdraw
4825,4324,credit
8316,10526,withdraw
3650,4597,withdraw
10942,14313,withdraw
2922,12099,credit
693,6734,withdraw
538,1718,credit
548,1992,credit
2260,3823,credit
3539,2666,withdraw
2155,1225,credit
4519,1348,credit
941,2652,withdraw
2569,2057,withdraw
6511,10955,credit
43,8853,credit
1047,2794,withdraw
3479,4623,withdraw
2868,2062,credit
4328,2933,withdraw
5628,5257,withdraw
1856,1164,withdraw
3160,8150,withdraw
154,5045,withdraw
3030,1043,credit
1938,8831,credit
1870,10460,withdraw
3275,2423,withdraw
8492,3307,withdraw
10093,9902,credit
3805,4565,withdraw
200,4290,withdraw
2471,10946,withdraw
161,1556,withdraw
1291,1547,credit
352,1682,credit
711,4091,withdraw
964,2440,withdraw
4276,12977,credit
1012,6782,withdraw
7765,9176,withdraw
901,1730,withdraw
90,6214,withdraw
5574,14405,credit
741,3196,withdraw
478,9423,credit
2819,5553,withdraw
3921,12176,withdraw
2615,4986,withdraw
3503,8618,credit
662,2375,withdraw
2654,2380,withdraw
9627,13154,credit
2470,5352,withdraw
427,8338,withdraw
709,10045,withdraw
629,1583,withdraw
2606,1535,credit
6738,7375,withdraw
2912,15397,withdraw
1022,11750,withdraw
1797,5314,credit
4995,9615,withdraw
3497,5379,withdraw
1848,2359,credit
582,1790,withdraw
3167,9178,withdraw
1579,4350,withdraw
610,11536,credit
3536,2342,withdraw
1017,6746,withdraw
3112,10888,withdraw
3017,4984,withdraw
1360,2687,withdraw
2747,2691,credit
9192,9471,withdraw
3728,5127,withdraw
1592,1406,credit
1246,2455,credit
1398,1546,withdraw
4131,12118,withdraw
377,13149,credit
1911,7119,withdraw
635,8274,withdraw
3625,2282,withdraw
3425,1644,credit
1327,2430,credit
2798,7263,withdraw
8776,4133,withdraw
2401,2579,withdraw
4580,10773,withdraw
3612,4023,withdraw
3226,1736,withdraw
3533,1496,withdraw
422,11367,credit
7523,6061,withdraw
3608,7128,withdraw
1105,3152,withdraw
9006,10164,credit
710,1975,credit
3579,8773,withdraw
2596,1377,withdraw
1292,3330,withdraw
7546,5399,withdraw
3797,1252,credit
1766,4539,withdraw
3478,3132,withdraw
8899,9648,credit
1975,3651,credit
3049,1384,withdraw
1714,1979,withdraw
3730,1959,withdraw
518,2000,withdraw
6321,10937,withdraw
3926,2051,withdraw
2030,8927,credit
1908,2455,withdraw
3712,2472,withdraw
3869,14474,withdraw
1878,8832,withdraw
3142,1940,withdraw
3288,2125,withdraw
1301,3578,withdraw
318,2343,credit
3336,2422,credit
1653,9567,credit
577,4319,credit
2960,5496,withdraw
2267,9423,credit
1989,1723,credit
1352,6283,credit
851,9202,withdraw
716,8539,withdraw
3555,8320,credit
6,2632,credit
1828,9765,withdraw
1333,3939,credit
11359,7783,credit
3457,1772,withdraw
2025,6200,credit
2627,1648,withdraw
3975,1346,withdraw
2905,5650,credit
939,1264,credit
3827,4223,withdraw
1934,3164,withdraw
1421,2401,credit
3878,1061,withdraw
2363,2220,withdraw
2195,7365,credit
2059,5146,credit
1205,1996,withdraw
2333,3020,credit
3074,12180,withdraw
1559,8601,credit
2840,10167,withdraw
2430,4415,withdraw
2463,6240,credit
3860,5472,credit
2788,5730,credit
596,8293,credit
8127,12356,withdraw
2742,5040,credit
3622,8612,credit
1312,2175,credit
4283,9486,credit
2924,4738,withdraw
654,2397,credit
3756,12253,credit
2790,6201,credit
67,11799,credit
2949,2003,withdraw
3849,6247,withdraw
5422,9612,withdraw
988,2525,credit
3058,8761,withdraw
1958,2269,withdraw
1441,2237,withdraw
1109,8033,withdraw
2536,2404,withdraw
1295,2409,credit
3419,3532,withdraw
1076,3928,credit
1993,8931,credit
201,5935,credit
960,11698,withdraw
1168,2579,credit
2365,2035,withdraw
973,2365,credit
3663,9081,credit
3576,1336,withdraw
4082,9337,credit
2541,3928,credit
4476,3792,withdraw
2377,1474,withdraw
2572,14067,withdraw
5632,13870,withdraw
1554,6532,withdraw
940,13701,withdraw
1583,11324,credit
1708,5109,withdraw
2218,14518,withdraw
449,1559,withdraw
2044,7303,withdraw
29,5139,withdraw
11186,12436,credit
3752,5504,withdraw
2028,11002,withdraw
106,6577,withdraw
1294,4906,credit
2707,9178,withdraw
2027,2171,withdraw
9731,5764,withdraw
3369,1931,withdraw
1578,1589,withdraw
8411,6030,credit
1919,7976,withdraw
1307,2475,credit
2121,7651,withdraw
1436,2201,credit
2809,5027,credit
3348,6859,withdraw
2546,5332,credit
3364,11128,credit
3489,5555,withdraw
594,1229,credit
2343,4162,withdraw
4434,13929,credit
359,2370,withdraw
3279,11539,credit
1011,6527,credit
2808,3935,withdraw
8856,10617,credit
775,6412,withdraw
5357,4534,withdraw
3903,6569,withdraw
2524,2451,withdraw
3567,8955,withdraw
802,2020,credit
68,8445,withdraw
1417,8823,withdraw
3643,1860,withdraw
10728,6109,credit
2384,21179,withdraw
1835,5340,withdraw
3621,3575,credit
1394,2068,credit
3006,2530,credit
2322,6737,withdraw
1331,4052,withdraw
2355,17475,credit
4503,13361,credit
3482,1975,credit
2077,2091,credit
685,12990,credit
2239,4770,withdraw
7795,14208,withdraw
1706,1410,withdraw
2163,6128,withdraw
3128,3072,credit
3141,5798,withdraw
3250,2099,credit
2978,2305,withdraw
1955,1216,withdraw
5650,7822,credit
3641,1318,withdraw
2923,1782,credit
8092,3595,withdraw
2421,1031,withdraw
756,1713,credit
1437,960,withdraw
3244,1066,credit
10630,5316,credit
3981,1028,credit
2729,4996,withdraw
4368,5198,withdraw
2446,4517,credit
3812,1917,withdraw
839,9709,credit
2563,2567,credit
7562,13305,credit
1625,3238,credit
1414,4642,withdraw
915,12065,credit
2185,2019,withdraw
1446,6496,withdraw
2681,8500,withdraw
3777,993,withdraw
2414,1030,withdraw
9814,8697,withdraw
484,2481,withdraw
217,4601,credit
9030,4626,withdraw
2352,5093,withdraw
3841,1564,withdraw
1526,3000,withdraw
270,9174,withdraw
2054,6047,withdraw
1914,2435,withdraw
2663,2444,withdraw
4103,14313,withdraw
3362,4302,withdraw
2111,13254,credit
5735,10140,credit
1769,2682,withdraw
3235,7070,credit
2755,1951,credit
1548,1370,credit
795,2452,credit
650,2448,withdraw
11042,11419,withdraw
3421,6783,withdraw
3583,2148,credit
1112,8200,credit
4001,1235,credit
393,8521,withdraw
1496,4459,credit
2718,2579,credit
2968,11764,withdraw
1889,2256,credit
789,2022,withdraw
7614,14204,withdraw
8159,3406,withdraw
2151,3133,withdraw
515,1770,withdraw
4109,2389,withdraw
3865,7844,withdraw
3817,3935,withdraw
388,4312,withdraw
2268,8081,withdraw
3623,1539,withdraw
4727,10040,withdraw
1967,12247,credit
3466,6590,withdraw
607,1319,credit
3297,7319,credit
1858,2552,credit
70,3736,withdraw
3978,6410,credit
781,1246,credit
10884,5907,withdraw
2688,1849,credit
1772,14824,credit
2047,1938,credit
3839,13044,withdraw
2490,4551,withdraw
1633,2050,withdraw
763,4556,withdraw
4161,4945,withdraw
2431,2148,withdraw
3753,2081,withdraw
3710,4515,withdraw
1778,5733,credit
2911,3498,withdraw
1702,3330,withdraw
3737,2207,withdraw
190,4484,withdraw
2680,6581,withdraw
3233,10945,credit
1129,7796,withdraw
3014,12543,withdraw
2865,3220,withdraw
2367,6675,withdraw
1287,5823,withdraw
30,16475,credit
9897,5113,withdraw
376,9061,credit
3826,3108,credit
1108,1596,credit
108,6360,credit
1802,1656,withdraw
3230,11547,credit
3989,1825,credit
2723,3580,credit
7859,13296,withdraw
158,9252,withdraw
7606,10004,credit
6397,6335,credit
150,2231,credit
586,2931,withdraw
2810,3104,withdraw
3402,11592,credit
1261,8305,withdraw
2856,5627,credit
3750,7393,withdraw
288,1829,credit
1174,6093,withdraw
1306,4807,credit
5541,2571,withdraw
1,1570,withdraw
981,7317,withdraw
767,4703,withdraw
608,1926,credit
1757,18013,withdraw
6609,7932,withdraw
870,2957,withdraw
1254,12858,credit
568,5435,credit
227,16953,withdraw
1540,7464,credit
1692,8367,withdraw
95,10525,withdraw
1249,1247,withdraw
2540,2449,withdraw
1561,1649,withdraw
9493,7308,withdraw
248,11507,withdraw
231,1190,credit
5126,2932,credit
2203,2396,withdraw
6910,12786,withdraw
1479,1416,withdraw
2839,5161,withdraw
1986,4663,withdraw
6289,12162,credit
3147,3221,withdraw
842,2106,credit
1821,8318,withdraw
7418,4125,credit
1590,3141,withdraw
19,5144,withdraw
206,2172,credit
3109,6397,credit
7815,7552,withdraw
7136,8011,credit
1228,1915,withdraw
893,9605,credit
2750,2352,withdraw
3702,6397,withdraw
4852,3663,withdraw
3729,1882,withdraw
1046,4399,credit
1309,15162,credit
1862,13801,withdraw
1315,2919,withdraw
3321,2754,withdraw
3231,2240,credit
5724,6328,withdraw
3823,3604,withdraw
2726,8326,withdraw
1038,1085,withdraw
819,8455,credit
7861,4174,withdraw
455,5183,credit
3930,7544,withdraw
4423,7901,withdraw
267,1975,withdraw
922,1836,withdraw
3735,12783,withdraw
3449,2009,withdraw
404,9588,withdraw
2547,9249,withdraw
2751,2374,withdraw
2331,1158,credit
1248,2460,withdraw
1010,12229,withdraw
54,1347,credit
2364,2162,withdraw
1280,1964,credit
3936,1230,credit
2931,1791,withdraw
10351,2697,withdraw
5194,10355,withdraw
3464,2689,withdraw
454,3598,withdraw
3940,7458,credit
4538,1353,credit
533,2922,withdraw
463,8337,credit
1183,1890,withdraw
4105,2208,credit
2323,8196,credit
6434,10682,withdraw
2525,3072,withdraw
285,8993,credit
746,2139,credit
2919,5589,withdraw
1741,1947,withdraw
3845,9295,credit
256,8660,credit
4014,15034,credit
2935,1267,withdraw
2178,8332,withdraw
544,8243,withdraw
1720,2088,withdraw
733,14244,credit
875,2617,credit
3251,1247,withdraw
5358,8401,withdraw
2521,8873,withdraw
10963,11430,credit
57,7670,withdraw
4589,2470,withdraw
490,1277,withdraw
3386,12118,withdraw
8998,8683,withdraw
2969,1956,withdraw
11349,13127,withdraw
1530,2419,withdraw
1642,2530,credit
6358,11370,withdraw
10001,5865,credit
3186,7612,withdraw
3624,10530,credit
1059,1134,withdraw
2559,4613,withdraw
1974,1126,credit
11069,8767,withdraw
3874,3745,withdraw
3520,7560,withdraw
2018,2328,withdraw
2877,15671,withdraw
2642,3823,withdraw
1092,4665,withdraw
553,1877,withdraw
471,2640,withdraw
53,1828,withdraw
1413,4352,withdraw
1620,2245,withdraw
1465,1324,credit
754,2076,withdraw
3392,4011,withdraw
4121,3005,credit
5774,5959,withdraw
3045,2231,withdraw
1420,1916,credit
3453,8963,withdraw
1696,1253,withdraw
2139,7824,withdraw
1793,4561,credit
896,4009,withdraw
3725,6255,withdraw
3252,868,withdraw
7618,7659,withdraw
131,4508,withdraw
807,7999,withdraw
808,4853,withdraw
3847,5642,withdraw
223,4988,credit
3124,4196,withdraw
3601,2137,credit
2328,2296,withdraw
1519,7603,withdraw
10019,10244,withdraw
120,8501,withdraw
458,6258,credit
1846,1337,withdraw
2096,4944,credit
2297,1584,withdraw
7184,5544,withdraw
1031,4862,withdraw
2781,2568,credit
3810,2457,withdraw
1151,8455,credit
1728,3639,withdraw
3436,1458,withdraw
3363,1849,withdraw
9235,4898,credit
99,10023,credit
2533,2636,credit
638,5343,credit
2292,1076,credit
3410,4198,credit
1725,18922,withdraw
1597,2364,withdraw
2041,2392,withdraw
4330,10670,credit
4415,5564,withdraw
5742,9792,withdraw
3458,1435,withdraw
3330,14322,credit
3779,3269,withdraw
6649,10720,credit
1103,10040,credit
731,1737,withdraw
2307,1834,withdraw
3474,951,withdraw
625,15113,withdraw
1075,2575,withdraw
2281,5494,credit
3895,4154,withdraw
5794,8288,withdraw
5263,3548,credit
1220,2159,withdraw
1568,3923,credit
1344,15840,withdraw
1135,1818,withdraw
4263,4724,withdraw
8547,9961,withdraw
1936,1274,withdraw
3532,5278,withdraw
1251,8518,withdraw
2310,3224,withdraw
2244,2478,credit
1994,8157,credit
1472,3240,withdraw
720,2669,credit
2144,11142,credit
4081,5014,credit
953,1162,withdraw
10018,5475,credit
2553,6887,withdraw
2520,1587,credit
1252,8685,withdraw
3357,2538,withdraw
6985,12896,withdraw
2957,7799,withdraw
1803,1383,withdraw
4948,8690,credit
2577,2400,withdraw
1009,15422,credit
2265,14288,withdraw
5033,2054,credit
675,3756,withdraw
2830,4526,withdraw
1927,1365,credit
1971,3952,credit
5118,2600,credit
3203,1300,credit
4681,6083,credit
1520,2161,credit
3902,3464,withdraw
3270,7755,withdraw
8327,7499,withdraw
1203,5082,withdraw
2608,3383,credit
2206,3088,credit
3216,11053,withdraw
1122,4595,withdraw
786,5483,credit
75,5051,credit
3631,2224,withdraw
2514,5911,withdraw
3679,5553,withdraw
2562,1350,credit
3896,11122,withdraw
2280,6593,withdraw
531,1256,withdraw
5213,13195,credit
11138,16649,credit
6856,5628,withdraw
11382,10129,credit
560,3808,withdraw
5024,4174,credit
2855,1717,withdraw
2858,3377,withdraw
3763,3535,withdraw
995,1167,credit
3315,5436,withdraw
4258,13173,withdraw
420,4453,withdraw
937,1704,credit
3582,1185,credit
2236,7662,withdraw
3995,2868,withdraw
418,7952,withdraw
3254,3267,credit
894,2751,withdraw
5066,7010,withdraw
32,7661,credit
213,8903,credit
3139,7606,credit
1961,2186,credit
2833,1974,withdraw
3553,7433,credit
1562,1235,credit
9052,10449,credit
353,2188,withdraw
1640,7698,withdraw
6872,7953,withdraw
430,1267,withdraw
10365,8883,withdraw
532,16781,credit
674,1834,credit
1810,6746,withdraw
429,6632,withdraw
665,3502,withdraw
3269,12706,withdraw
3855,6286,withdraw
3925,10730,withdraw
3914,8022,withdraw
3866,5393,credit
3807,7385,withdraw
219,5836,withdraw
3552,3624,credit
1149,3633,withdraw
7957,10493,withdraw
2853,1708,withdraw
1423,2123,credit
803,12725,credit
619,8328,withdraw
2456,8264,withdraw
372,7611,credit
3492,7011,withdraw
301,1216,withdraw
6463,11527,withdraw
3628,4459,withdraw
1613,2676,withdraw
2358,4201,credit
3010,2972,withdraw
2866,6625,withdraw
3368,4416,withdraw
5125,10516,withdraw
994,3041,withdraw
1674,3012,credit
3234,1884,withdraw
1452,8746,withdraw
9377,7973,withdraw
138,2250,withdraw
3758,2990,credit
3770,7116,withdraw
1376,1818,withdraw
11271,3429,withdraw
1335,5207,credit
2353,5203,credit
2119,3731,withdraw
8,6744,withdraw
1704,2663,withdraw
2148,1315,credit
5429,5095,withdraw
1660,12708,withdraw
676,2362,withdraw
3440,4578,credit
2731,8790,withdraw
80,1385,withdraw
169,5022,credit
3417,2255,withdraw
4047,10518,withdraw
7487,10673,credit
992,3024,withdraw
331,2561,credit
2835,2027,withdraw
3677,1384,credit
3317,1320,credit
4190,3526,withdraw
2565,2523,credit
1448,1429,credit
1690,2533,withdraw
3132,2159,credit
3944,5682,credit
521,15805,withdraw
1742,8891,withdraw
1427,4820,withdraw
6400,6729,withdraw
4473,7022,withdraw
3486,1656,credit
2301,7716,withdraw
2674,2785,withdraw
1089,4457,credit
11,1388,credit
2965,2338,credit
8533,10512,credit
1257,6989,credit
990,7236,credit
5063,5497,credit
1581,3964,withdraw
917,3293,withdraw
2424,15884,withdraw
11362,3866,credit
1749,16267,credit
2834,5061,withdraw
8114,5770,withdraw
260,3755,withdraw
2255,1298,credit
1796,6389,withdraw
4650,3094,credit
336,6866,withdraw
308,2281,credit
319,8653,credit
762,2445,withdraw
1142,1433,withdraw
3646,12171,withdraw
3200,11949,credit
1206,2319,withdraw
501,11144,credit
2235,4157,withdraw
2487,1530,withdraw
3131,8055,withdraw
10762,6292,credit
10520,11531,withdraw
2515,8991,withdraw
2727,6410,credit
2500,2310,credit
1756,7022,credit
602,2283,withdraw
1426,1746,withdraw
3637,4596,withdraw
2481,2182,credit
2621,2080,credit
3080,2281,credit
1238,2334,credit
10710,6758,credit
2871,2598,withdraw
1629,2133,withdraw
1403,6316,credit
9353,10301,credit
820,4119,withdraw
479,1317,withdraw
3764,1734,withdraw
3384,2316,credit
257,9864,credit
155,2264,withdraw
3945,1430,credit
3061,1261,credit
2051,13048,credit
2157,5673,withdraw
3111,7198,credit
1691,978,withdraw
1945,7952,credit
1044,5035,withdraw
2580,4122,withdraw
9928,4119,withdraw
9790,9474,withdraw
11079,16419,withdraw
1599,8177,withdraw
810,1840,withdraw
1760,1556,withdraw
2550,3899,withdraw
968,4472,credit
3572,2357,withdraw
1030,1966,withdraw
487,10405,credit
3767,3975,withdraw
348,8043,credit
1867,10966,credit
2516,6497,withdraw
3303,8987,credit
1700,8870,withdraw
2836,7404,withdraw
3229,8868,withdraw
933,2427,credit
338,1555,credit
3148,1659,withdraw
1357,1540,credit
3772,8790,withdraw
486,2907,withdraw
1341,1292,credit
1395,2545,credit
9017,3814,withdraw
10411,7268,credit
2783,2515,withdraw
3780,2047,withdraw
2341,1042,withdraw
565,2204,withdraw
2015,3208,credit
337,11107,withdraw
557,1282,withdraw
3490,2614,credit
2043,2861,withdraw
3973,4488,credit
2003,18580,credit
3970,13388,credit
8169,3471,withdraw
728,2953,withdraw
3783,3786,withdraw
452,9806,withdraw
3189,7135,withdraw
3689,11665,credit
3320,1235,withdraw
2803,13115,credit
3525,2255,credit
1901,7057,credit
2851,3001,withdraw
2309,6593,withdraw
2437,1018,withdraw
1825,2896,withdraw
253,9724,credit
474,1391,withdraw
633,2045,withdraw
2374,1437,credit
1104,6035,withdraw
6927,8610,credit
2692,2337,credit
924,1309,withdraw
3305,2187,withdraw
2237,5440,withdraw
1917,1893,withdraw
1685,8885,withdraw
791,2043,withdraw
3858,2637,withdraw
1469,2471,withdraw
5001,12216,withdraw
3476,4229,withdraw
5477,12986,credit
8039,6584,withdraw
3205,1765,credit
1212,2877,withdraw
1137,1293,withdraw
2570,1241,withdraw
2095,8866,credit
809,7810,withdraw
522,3761,credit
3092,2162,credit
5661,12913,credit
2630,8403,withdraw
957,1477,withdraw
1682,2381,withdraw
3338,6077,withdraw
4269,12738,withdraw
3655,4708,credit
3587,1192,credit
84,11289,withdraw
4439,2272,credit
4462,9482,withdraw
3814,2348,withdraw
3273,15207,credit
2780,6554,withdraw
3559,5414,credit
3051,11347,withdraw
2288,8013,withdraw
3968,7489,credit
2159,7497,credit
8931,10477,credit
849,7393,credit
946,7751,withdraw
9225,9630,credit
2075,959,withdraw
3278,10313,withdraw
2811,14376,withdraw
275,1118,withdraw
1670,1468,withdraw
2233,2320,credit
145,3229,withdraw
1455,3299,withdraw
3530,2394,credit
1311,5803,withdraw
6678,15079,credit
312,4650,withdraw
9024,4368,credit
1711,1268,withdraw
2223,1881,withdraw
7828,2991,withdraw
2548,2890,credit
646,3909,withdraw
3238,7247,credit
2567,1675,withdraw
2153,8504,credit
1243,4836,withdraw
9633,9138,withdraw
2716,7036,credit
1580,11322,credit
954,1932,credit
1483,2865,withdraw
3966,1665,credit
1263,12153,credit
3638,12470,withdraw
3937,2193,credit
2605,2777,withdraw
1591,9382,withdraw
658,1877,credit
2944,2567,credit
3949,4194,credit
2686,2384,credit
3661,2142,withdraw
4994,10065,credit
3673,1384,credit
69,2557,withdraw
5267,12276,withdraw
332,1631,credit
3170,3181,withdraw
1227,3871,withdraw
204,1166,withdraw
1632,15981,withdraw
2143,7506,withdraw
1093,15360,withdraw
1486,7085,withdraw
1196,12759,credit
4253,15236,withdraw
3442,1345,withdraw
9051,5280,credit
1036,8916,credit
3373,7064,withdraw
2844,9205,withdraw
3727,3990,withdraw
10297,7538,credit
1139,10788,withdraw
1298,4696,withdraw
3755,13831,withdraw
660,5251,withdraw
335,2131,credit
412,9790,withdraw
2274,2032,withdraw
2522,8844,withdraw
2863,3522,credit
3784,2783,withdraw
1508,13192,withdraw
771,6660,withdraw
4981,7811,withdraw
3832,2860,credit
3947,6906,withdraw
9645,11481,withdraw
2416,7174,withdraw
2243,4691,withdraw
3993,7494,withdraw
2225,1768,credit
2207,10200,credit
1759,3461,withdraw
2754,13190,withdraw
554,2134,credit
3009,1861,withdraw
3803,3439,withdraw
314,12618,credit
2214,5989,credit
2217,2647,withdraw
417,12925,credit
1439,1296,credit
262,2819,withdraw
976,8032,withdraw
3084,8000,credit
4204,3857,withdraw
9504,14393,withdraw
414,6878,withdraw
4424,3898,credit
3389,12909,withdraw
11054,6207,withdraw
10558,9124,credit
2702,8727,withdraw
2106,5008,withdraw
355,4500,withdraw
1859,2564,credit
2109,4105,withdraw
1963,8282,withdraw
1791,5089,credit
1977,3924,withdraw
5181,6479,withdraw
6512,4750,credit
1623,9237,credit
2635,12518,withdraw
4293,13020,credit
4851,12186,credit
3931,8593,withdraw
2348,5434,credit
2774,2597,withdraw
2469,1371,withdraw
804,2884,credit
218,16212,credit
923,2067,withdraw
1744,2292,withdraw
2890,7813,withdraw
2499,2248,credit
516,2608,withdraw
2551,11723,credit
1233,1387,credit
2719,2277,withdraw
2893,1140,credit
1922,7974,credit
264,2626,withdraw
3890,3719,credit
3519,1741,withdraw
6686,11347,credit
2230,2094,credit
1611,3915,withdraw
3933,6390,withdraw
3597,12679,credit
1612,9605,withdraw
2212,2173,credit
1964,2541,withdraw
8680,4332,credit
2390,11975,withdraw
4999,8471,credit
2600,15559,credit
2409,3894,withdraw
2753,7644,withdraw
2993,12298,credit
1737,4335,withdraw
949,5784,withdraw
3979,4283,credit
3468,3543,withdraw
296,1769,withdraw
1836,5662,withdraw
3680,1969,withdraw
390,16740,credit
1916,2925,withdraw
7594,7205,withdraw
1111,8244,withdraw
2473,1021,withdraw
3439,6983,withdraw
2226,6440,withdraw
3578,4939,withdraw
620,2380,credit
466,2756,credit
3335,1413,credit
2074,8023,credit
2304,12218,withdraw
55,1992,credit
1102,2967,credit
1380,7655,withdraw
3754,6503,credit
2403,2225,credit
1732,9056,withdraw
3721,1147,credit
3358,1110,withdraw
184,8629,withdraw
10233,5831,credit
4,1887,withdraw
2017,1794,withdraw
3151,3710,withdraw
691,2443,credit
2804,3075,credit
1310,3247,credit
827,1382,withdraw
1585,3732,withdraw
3016,5757,credit
959,1679,credit
590,5894,withdraw
3924,2034,withdraw
1962,12920,withdraw
10478,11882,credit
2772,4761,withdraw
1265,2675,withdraw
5692,6581,credit
3286,12355,credit
167,15819,credit
2187,13676,credit
230,5175,withdraw
3079,1266,credit
5593,12497,credit
3193,7310,credit
2498,3816,withdraw
4088,7706,withdraw
1216,1653,withdraw
2491,2439,withdraw
3409,2182,credit
3366,4628,withdraw
936,1575,withdraw
718,9681,credit
3698,1240,credit
856,3571,withdraw
3881,2596,credit
3462,3186,withdraw
1897,12658,credit
1886,9172,withdraw
1349,2213,withdraw
3709,3038,withdraw
1564,2393,withdraw
141,9041,withdraw
825,5534,credit
3943,1201,credit
9422,11588,credit
1763,7504,credit
2611,7651,withdraw
2062,11600,withdraw
1606,2563,withdraw
2289,6071,credit
3263,1945,credit
3351,2134,withdraw
3952,2242,credit
3088,8608,withdraw
3502,8890,credit
3121,1862,withdraw
3974,6028,credit
2105,1853,withdraw
846,12483,withdraw
3144,2479,credit
103,8831,credit
3118,6281,credit
357,1044,withdraw
4273,11185,withdraw
4361,16439,credit
1510,8611,withdraw
1722,7882,credit
840,9460,credit
895,1047,withdraw
2263,6602,credit
4863,10240,withdraw
356,7153,credit
4092,5484,withdraw
10807,12387,withdraw
3455,12375,withdraw
3994,15279,credit
2598,13191,withdraw
1698,6361,credit
2633,20083,credit
1800,6531,credit
3296,14518,credit
1365,1585,credit
4346,12218,credit
9242,2771,credit
666,3887,withdraw
821,1348,credit
5591,4940,credit
1445,2008,withdraw
236,2554,withdraw
1980,4228,withdraw
2864,4349,withdraw
210,6438,withdraw
3795,6482,credit
739,9325,credit
865,1282,credit
1028,2100,withdraw
3672,6223,withdraw
468,7533,withdraw
2334,5461,withdraw
3130,2123,credit
3322,8339,credit
1014,2454,withdraw
2033,4264,credit
525,9421,credit
853,5496,credit
2904,6690,credit
116,9033,withdraw
824,3433,withdraw
4214,12373,credit
10436,2794,credit
2192,6536,withdraw
3743,6323,withdraw
2406,2085,credit
4008,2706,credit
2767,5879,withdraw
1369,4198,credit
2889,13072,credit
874,5727,withdraw
3138,1711,withdraw
3605,7449,withdraw
3815,11374,withdraw
2708,9552,withdraw
2578,1873,withdraw
631,1638,withdraw
2650,6417,withdraw
1170,8799,credit
7890,2988,credit
3219,8243,credit
2936,4320,credit
898,5819,withdraw
208,3953,withdraw
3115,11239,withdraw
286,9558,credit
3422,9503,credit
3349,7383,withdraw
1250,7382,withdraw
10049,3161,withdraw
2624,9864,withdraw
1384,13270,credit
1351,1428,withdraw
7520,6829,withdraw
2631,1329,withdraw
2659,3292,credit
3917,5462,withdraw
514,5120,credit
708,2360,withdraw
10065,16494,credit
3265,13005,withdraw
1832,5394,withdraw
3308,7079,credit
7565,6116,withdraw
1932,5244,withdraw
1847,2050,withdraw
2335,3143,withdraw
3706,2983,credit
1521,1928,credit
3041,1505,withdraw
2909,4374,credit
3116,7502,withdraw
3632,8690,credit
2929,11302,credit
251,3718,withdraw
1461,14843,withdraw
1450,2410,withdraw
10345,3905,withdraw
1948,11194,credit
3534,4406,withdraw
1920,3118,withdraw
8085,9113,withdraw
734,1361,credit
2012,2685,credit
278,7736,withdraw
1020,981,credit
615,1037,credit
3294,4544,withdraw
2986,6707,withdraw
7894,9844,withdraw
1503,2042,credit
2450,7984,withdraw
3568,2097,credit
3247,2534,credit
152,2048,withdraw
1622,2286,withdraw
1456,18536,withdraw
10215,4075,credit
5072,5692,credit
2205,2441,withdraw
2247,5304,withdraw
1543,2766,credit
439,2650,withdraw
1655,5546,credit
1550,3234,credit
3976,2117,withdraw
1383,2445,withdraw
101,6147,withdraw
1473,1244,credit
1121,7515,credit
2254,11289,credit
3907,10738,credit
3854,1244,withdraw
3606,3209,withdraw
3806,7007,withdraw
3802,2045,credit
3821,3496,withdraw
283,1950,withdraw
2432,2179,credit
1939,15148,withdraw
5726,10189,withdraw
1607,9580,credit
3998,5517,withdraw
3021,7611,credit
2474,1276,withdraw
1733,12223,withdraw
1358,2313,withdraw
3019,8492,credit
766,7542,withdraw
2287,9255,credit
695,9265,withdraw
3816,2921,credit
1624,1993,withdraw
1641,12511,withdraw
798,1517,credit
1709,6737,credit
481,1999,credit
1070,6353,withdraw
7240,5744,credit
3859,10022,withdraw
4458,2848,withdraw
3596,8178,withdraw
3280,5194,withdraw
4488,3943,withdraw
689,8296,withdraw
1542,2788,credit
3301,6707,withdraw
7997,12458,withdraw
2246,13006,withdraw
5505,13061,withdraw
5395,9036,withdraw
780,7783,withdraw
500,9772,credit
1304,10170,credit
3451,7970,withdraw
3178,1023,withdraw
1529,1321,credit
3664,12509,withdraw
3038,15551,credit
951,1858,withdraw
4342,10299,credit
3027,1818,withdraw
1582,2163,withdraw
2730,1321,withdraw
1716,5469,credit
1192,5555,credit
8896,14256,credit
2116,7031,withdraw
986,2279,withdraw
3791,7275,withdraw
3531,2473,withdraw
4127,3932,withdraw
2994,6265,withdraw
1328,13291,withdraw
97,4486,withdraw
3648,1268,withdraw
2591,2129,credit
2232,3637,withdraw
1614,8340,withdraw
2946,1718,withdraw
706,9135,withdraw
3928,2564,credit
1752,7778,withdraw
1213,1974,credit
3887,1521,credit
2346,5191,withdraw
3736,2750,withdraw
1244,1522,credit
1996,9950,credit
1672,6958,withdraw
444,3064,withdraw
1045,2320,credit
302,2421,withdraw
3942,12282,withdraw
9494,5331,withdraw
913,4188,withdraw
2035,6871,credit
132,12848,withdraw
6792,3229,withdraw
3248,1698,withdraw
3512,1526,credit
51,6887,withdraw
3285,1235,credit
9513,7106,withdraw
491,7434,withdraw
684,1221,credit
6158,9024,withdraw
3434,1060,withdraw
1013,1274,credit
2619,4869,withdraw
136,2465,credit
3523,2555,credit
3769,2523,credit
2757,1278,credit
360,11473,withdraw
632,939,credit
10694,6604,withdraw
2752,3163,credit
9199,4191,withdraw
2505,1489,withdraw
76,3560,withdraw
1074,9535,withdraw
1924,2051,withdraw
8772,3913,credit
7542,4976,withdraw
3495,9654,credit
1904,2899,withdraw
379,1052,credit
1040,12383,credit
776,5364,withdraw
3162,9068,withdraw
580,3135,withdraw
2805,1229,credit
1323,7827,credit
3731,1186,withdraw
1399,2549,withdraw
8972,5758,withdraw
1210,9146,credit
891,2267,credit
2888,1481,withdraw
832,1295,withdraw
7713,8786,withdraw
1905,4557,withdraw
3055,2126,credit
1715,11599,credit
4099,4679,withdraw
612,1236,credit
1646,12052,credit
450,1868,credit
3240,7993,withdraw
10445,7657,withdraw
268,10221,withdraw
877,2295,credit
621,8538,credit
2837,9301,credit
1124,12606,withdraw
2389,8082,credit
3590,9161,withdraw
687,4476,credit
3459,8467,withdraw
2190,10171,withdraw
2982,10531,withdraw
9263,5522,withdraw
3746,6268,withdraw
1405,1474,withdraw
1954,1266,withdraw
1973,997,credit
1913,1831,credit
3199,6327,withdraw
958,2559,withdraw
3448,9003,credit
3522,2647,credit
9548,6138,withdraw
732,6568,withdraw
1270,4483,withdraw
375,2343,credit
669,1159,credit
171,2367,credit
1528,6227,withdraw
3676,2141,withdraw
4585,4487,credit
1219,2898,withdraw
1082,2244,withdraw
4803,2147,credit
6699,6064,withdraw
9510,6026,credit
7926,12408,credit
3591,8685,credit
181,4200,withdraw
603,4766,withdraw
409,4070,withdraw
1058,7643,withdraw
1431,2385,credit
93,3418,credit
2104,4778,credit
3584,11014,withdraw
2710,15335,credit
3957,12660,withdraw
2603,2170,credit
3723,3484,withdraw
2397,2004,withdraw
1869,9042,withdraw
4626,12346,credit
3668,2457,withdraw
558,3077,withdraw
3114,2993,credit
2400,1626,withdraw
3015,1088,credit
8158,11469,credit
1444,1431,credit
3515,2010,credit
848,2866,withdraw
4447,10482,credit
3647,3846,credit
4768,14260,withdraw
507,2995,withdraw
1086,843,withdraw
2602,3944,credit
3645,5195,withdraw
1271,2902,credit
2870,3609,withdraw
3180,5573,withdraw
3239,8322,withdraw
567,2646,withdraw
3485,4833,withdraw
72,13697,credit
488,2481,credit
373,4339,credit
3120,2294,withdraw
2977,13436,withdraw
3801,9613,withdraw
587,2525,credit
10361,17877,credit
1097,4937,withdraw
2387,2217,withdraw
3206,6277,withdraw
3696,8042,withdraw
2773,4406,withdraw
1781,2634,credit
3585,2333,credit
2706,2890,withdraw
3227,6971,credit
2395,3064,withdraw
962,5030,withdraw
140,5049,withdraw
1029,13067,credit
3432,2181,credit
3318,922,withdraw
2295,12947,withdraw
9631,5348,credit
2420,1559,withdraw
2040,3717,withdraw
3899,7284,withdraw
788,2164,credit
6688,2235,withdraw
1087,7727,credit
1275,2150,withdraw
1396,13006,withdraw
3573,3041,credit
3149,3815,credit
3793,4343,credit
2950,8009,credit
1007,3346,credit
4379,2994,withdraw
3588,2683,withdraw
878,8212,withdraw
1266,7636,withdraw
3864,7556,credit
170,7509,credit
7181,6526,credit
2530,7327,withdraw
2344,1664,credit
3089,12849,withdraw
2319,11357,credit
1241,1998,withdraw
1004,14769,credit
88,1319,credit
7033,2331,credit
1480,12744,withdraw
3563,7942,withdraw
2604,2402,withdraw
3550,4293,withdraw
2526,2381,withdraw
5269,6074,withdraw
1609,1175,credit
2812,9976,withdraw
1903,1389,withdraw
265,2367,withdraw
3153,13576,withdraw
2737,7088,withdraw
7101,6728,withdraw
2108,5681,withdraw
3694,4411,withdraw
1232,3339,withdraw
2593,7055,credit
313,1313,credit
1289,8668,withdraw
2445,13692,credit
7733,14215,withdraw
10711,5354,withdraw
506,4201,withdraw
1758,7684,withdraw
725,1623,withdraw
10202,7290,credit
932,1928,credit
1739,8695,credit
955,5471,withdraw
9859,7078,credit
3334,6073,withdraw
413,2022,withdraw
2625,14119,withdraw
5602,11275,withdraw
1094,2003,credit
2825,9569,withdraw
3848,4260,withdraw
2147,2163,credit
984,4456,credit
2945,2333,credit
573,9633,withdraw
2131,2032,withdraw
690,7770,credit
2506,12461,withdraw
1895,6918,withdraw
1078,2575,credit
2821,3222,credit
2112,3980,withdraw
2961,1651,credit
3426,8145,credit
3350,3634,withdraw
3204,5476,credit
858,8743,withdraw
2468,1358,withdraw
2887,8222,withdraw
584,1568,withdraw
392,4638,withdraw
2359,2304,credit
3726,10067,credit
869,2581,credit
593,6038,credit
3946,6162,credit
2573,6900,credit
571,2077,withdraw
526,6197,withdraw
110,6839,withdraw
4086,17741,withdraw
6461,9524,credit
5837,10069,credit
81,1083,withdraw
4537,11525,withdraw
971,3850,withdraw
9138,7409,withdraw
3562,12816,withdraw
137,7862,credit
2266,8142,withdraw
1893,14167,credit
5250,13644,withdraw
2882,8599,withdraw
7674,10912,credit
4618,9280,withdraw
1471,5691,withdraw
11123,6369,withdraw
2407,4309,withdraw
3543,1345,withdraw
847,2916,credit
3472,5568,withdraw
1765,2075,withdraw
113,2582,withdraw
2652,6856,withdraw
1188,3079,withdraw
3526,15935,credit
3518,8451,credit
3733,13664,withdraw
378,11387,withdraw
683,9177,withdraw
3494,2537,credit
4320,14805,withdraw
3511,2128,credit
6495,6680,withdraw
3932,2557,credit
1490,13131,withdraw
2983,2809,credit
2717,1358,credit
303,5551,credit
11027,4258,withdraw
3443,1854,credit
2291,2759,withdraw
1900,9189,credit
6453,1540,credit
7907,10238,credit
3491,5498,withdraw
836,2664,withdraw
1187,2362,credit
3880,2450,credit
4389,6322,withdraw
3192,3438,withdraw
7424,10812,credit
25,10800,withdraw
1160,8484,credit
10954,4747,withdraw
1985,2498,credit
1571,5959,credit
9646,12443,credit
3359,1595,credit
1906,8090,withdraw
194,1763,withdraw
371,2275,credit
9159,3557,withdraw
4071,7812,credit
2278,4719,withdraw
3040,1438,withdraw
2350,10932,credit
3397,7527,credit
2101,1245,withdraw
2004,8893,withdraw
4438,2883,withdraw
2383,3673,withdraw
1267,5137,credit
1654,7618,credit
2102,4051,credit
2134,3736,withdraw
1576,8757,credit
1738,1264,credit
3614,8490,withdraw
436,2648,withdraw
2329,2800,withdraw
2117,4706,credit
2066,1742,credit
2191,5123,withdraw
1325,1119,withdraw
9491,11521,withdraw
503,5580,credit
2917,6901,withdraw
2794,5803,credit
715,4689,withdraw
4442,5210,withdraw
2947,1934,withdraw
1211,2235,withdraw
3020,2239,withdraw
2086,17746,withdraw
2724,6179,credit
963,7555,withdraw
613,6107,withdraw
1223,4038,credit
3749,9520,withdraw
416,1658,credit
2149,2320,credit
2114,3836,credit
1501,2321,credit
176,10545,withdraw
911,7181,withdraw
3066,4984,withdraw
1885,2844,credit
916,6053,withdraw
2210,2200,withdraw
271,2481,credit
779,7295,credit
2439,2439,credit
447,8266,credit
753,2376,credit
3549,2088,withdraw
1563,2783,withdraw
2209,13931,withdraw
1935,21563,credit
2764,5250,credit
2973,5472,withdraw
2013,11594,withdraw
382,1070,credit
42,3005,credit
945,6326,credit
8038,7673,withdraw
967,9131,credit
3789,11224,withdraw
3311,11299,credit
3741,2766,credit
656,5243,credit
1667,2388,withdraw
7637,8493,withdraw
4010,5155,credit
3347,2342,withdraw
4480,3539,withdraw
4144,10872,credit
1274,12986,withdraw
2976,6252,withdraw
4969,13302,withdraw
166,2020,withdraw
7099,7981,withdraw
2795,5794,withdraw
1367,3247,withdraw
10562,12755,withdraw
2034,8487,withdraw
2622,4817,withdraw
1593,1296,credit
3004,1729,withdraw
918,6947,withdraw
3427,9390,credit
617,9858,credit
2746,2411,withdraw
58,2317,credit
2094,1400,withdraw
9826,10671,credit
324,1709,withdraw
182,3267,credit
2930,13088,credit
20,1334,withdraw
1517,1930,withdraw
4186,7982,credit
1350,8735,withdraw
3467,6222,withdraw
2792,1593,credit
10220,7115,withdraw
1504,8436,withdraw
3161,10721,withdraw
4588,2592,withdraw
3353,8535,withdraw
399,11135,withdraw
2360,7306,credit
987,4586,credit
637,1427,credit
6062,11380,withdraw
2677,5581,credit
2113,4931,withdraw
10,6671,withdraw
2065,7640,credit
1894,10580,credit
833,2371,credit
1117,1900,withdraw
242,7767,withdraw
3155,7322,withdraw
812,7545,withdraw
3774,4586,withdraw
2347,2610,credit
7990,13607,withdraw
3504,2496,credit
7262,5401,withdraw
269,1372,credit
3272,5679,withdraw
1258,974,credit
3418,12094,credit
2953,2308,withdraw
871,10458,withdraw
3126,2725,withdraw
406,1059,credit
1293,8840,credit
4456,11586,credit
174,1433,withdraw
2872,4333,withdraw
2885,7142,credit
694,2382,withdraw
920,2054,credit
1525,1769,credit
1997,2263,withdraw
1679,5138,withdraw
7082,3231,withdraw
1910,6553,credit
5362,8019,withdraw
125,12406,credit
2655,5549,withdraw
2314,5753,withdraw
1408,15780,credit
4405,10027,credit
2084,8074,withdraw
2914,2957,withdraw
297,2277,credit
2045,2503,withdraw
2058,1430,credit
1190,5281,credit
1067,15217,credit
2629,8153,credit
1774,1275,credit
2614,1375,withdraw
2349,2671,withdraw
2156,9535,withdraw
339,12794,withdraw
2164,8351,credit
3508,9099,withdraw
164,5519,credit
1600,2888,withdraw
1799,2075,credit
1474,1765,withdraw
2026,4551,withdraw
3044,1826,withdraw
3499,18532,credit
6075,3186,credit
1066,16359,credit
1556,2235,credit
1329,4063,withdraw
4349,14530,credit
3098,3603,withdraw
2990,1964,credit
2275,5799,withdraw
5305,11421,withdraw
3800,2832,withdraw
3191,3414,credit
1002,1593,withdraw
8381,10295,withdraw
2076,2115,withdraw
3569,2252,credit
831,1507,credit
10789,11352,withdraw
1957,1430,withdraw
6083,11404,withdraw
1532,5567,withdraw
1063,3340,withdraw
8268,3761,withdraw
1669,3748,credit
1538,18133,credit
2906,5104,credit
3179,5318,withdraw
3431,8333,withdraw
2640,6122,credit
2921,5568,withdraw
7632,7899,credit
1173,1253,credit
3967,12574,withdraw
2339,2444,withdraw
1484,2250,credit
2801,2406,withdraw
1113,3368,credit
1100,1055,credit
2332,3744,withdraw
770,4453,credit
1463,1444,credit
1308,2254,credit
2091,2470,credit
3894,2252,withdraw
9241,8128,credit
1377,1424,credit
1370,2250,withdraw
3399,4666,withdraw
1374,18033,withdraw
3339,3209,credit
1631,1835,credit
2955,2196,credit
2869,2104,credit
3446,14297,credit
1823,2155,withdraw
2083,10327,credit
2373,2105,credit
2294,5834,withdraw
2561,8130,credit
2483,7997,credit
241,1345,withdraw
972,1124,withdraw
698,6192,withdraw
569,1664,withdraw
1500,8523,credit
618,9003,credit
10857,8357,credit
3232,1971,credit
3843,3359,credit
1502,10784,withdraw
692,6595,withdraw
1586,6727,credit
3071,8822,credit
3158,1329,withdraw
822,2782,credit
1155,2375,withdraw
2807,7916,credit
1751,2227,credit
3913,5841,credit
826,2828,withdraw
1008,2334,withdraw
2252,1127,withdraw
3904,1242,withdraw
814,2261,withdraw
1558,2333,credit
2465,2037,withdraw
325,2382,credit
2240,12848,withdraw
2657,1752,withdraw
261,1482,withdraw
7636,6475,withdraw
921,2133,withdraw
1812,1208,withdraw
2934,12114,withdraw
10607,11332,credit
2999,2306,withdraw
3175,2196,withdraw
3394,2090,withdraw
1003,7297,credit
1777,6499,withdraw
4090,2550,withdraw
472,17674,withdraw
3249,7100,credit
6950,8485,withdraw
3329,6557,withdraw
3271,1770,credit
581,1981,credit
9677,4835,withdraw
536,1752,withdraw
10063,9326,withdraw
2475,3694,credit
342,1455,withdraw
350,2590,credit
3314,6020,credit
2988,12737,credit
4949,13456,withdraw
410,2475,credit
4493,9752,withdraw
713,2526,credit
8628,8218,credit
11325,6303,withdraw
3776,7768,credit
1645,5601,withdraw
8784,10764,credit
1577,1265,withdraw
2046,1338,withdraw
1492,1965,credit
3454,2655,credit
1541,2926,credit
3766,11011,credit
3690,11448,withdraw
2709,921,withdraw
3143,3599,credit
305,1940,withdraw
1745,14901,withdraw
1090,2689,withdraw
975,2253,withdraw
329,8204,credit
473,3186,withdraw
1060,7088,credit
5317,5621,withdraw
6592,14908,withdraw
2502,2864,credit
1888,6514,withdraw
1464,17109,withdraw
1819,8562,credit
9037,4143,credit
2290,2632,withdraw
6902,3386,credit
1330,13859,withdraw
3877,8523,withdraw
1226,2705,credit
2759,11708,withdraw
272,8287,credit
366,5757,withdraw
1176,2063,credit
5912,6777,withdraw
1785,1874,withdraw
199,1269,withdraw
778,2881,credit
3811,1643,credit
1855,2167,credit
224,2349,credit
281,4503,withdraw
4715,17079,credit
3956,3773,credit
4375,19723,withdraw
888,2376,withdraw
9201,11632,withdraw
806,1463,withdraw
2418,16496,withdraw
65,7500,credit
122,11309,withdraw
1478,11009,credit
3228,13350,credit
221,8466,withdraw
3022,2141,credit
2279,14863,withdraw
6265,11300,withdraw
926,1885,withdraw
2685,2059,withdraw
6440,9781,credit
1683,3320,withdraw
1663,1964,credit
3557,1361,credit
2193,2690,withdraw
9455,9622,withdraw
255,13928,withdraw
714,2437,credit
2130,11006,withdraw
3626,4414,withdraw
3615,4103,credit
1324,6563,credit
431,6457,withdraw
1899,1973,withdraw
11328,8976,credit
91,6776,credit
4753,5143,credit
9528,8776,credit
9333,11580,withdraw
2107,3889,credit
3560,2271,withdraw
829,1320,credit
511,8356,withdraw
3224,2202,withdraw
2160,3864,credit
4383,12061,withdraw
1555,2525,withdraw
2517,12350,credit
6157,13614,withdraw
1326,1590,credit
4286,9242,credit
3819,4598,credit
2258,2513,withdraw
1638,6866,credit
3498,2835,credit
3177,4661,credit
3437,15815,withdraw
4102,3980,credit
3589,12694,credit
2967,4485,credit
3884,3780,withdraw
3765,961,credit
2032,2536,withdraw
570,4211,credit
993,11294,credit
2385,8799,credit
3291,2232,withdraw
63,1742,withdraw
1991,6450,credit
3564,3256,withdraw
1021,1458,withdraw
4069,2270,credit
1260,5401,credit
3376,7989,withdraw
48,7929,withdraw
1320,3881,withdraw
5878,4918,credit
77,8825,credit
4033,3885,withdraw
508,1689,withdraw
3256,3941,withdraw
530,10228,withdraw
341,7871,credit
2826,5711,credit
1546,3569,credit
797,14344,credit
2234,952,credit
10905,2966,withdraw
513,5163,credit
3093,9001,withdraw
1549,5482,withdraw
2285,2906,withdraw
3809,3182,credit
3517,5670,credit
8688,5738,credit
2264,1880,withdraw
546,2076,withdraw
3862,12478,withdraw
2898,6658,credit
3282,1792,credit
2303,7905,withdraw
1347,1383,credit
8094,15741,withdraw
2601,2496,credit
3708,2127,credit
209,1242,credit
7,9170,credit
1242,7448,credit
1393,3694,withdraw
330,9336,credit
1712,2354,credit
2398,1968,withdraw
8523,13626,credit
2636,2173,withdraw
1943,4573,withdraw
2090,2374,credit
143,1995,credit
549,4863,credit
14,6338,withdraw
7745,12035,withdraw
79,1844,withdraw
1460,2276,credit
3799,4425,credit
1754,16170,withdraw
3507,13888,withdraw
712,15135,credit
10280,12545,withdraw
1435,8734,credit
805,6215,credit
3377,8544,withdraw
1296,1976,withdraw
2916,3455,withdraw
249,6186,credit
3018,10666,credit
3856,2007,credit
3602,14938,credit
599,4292,withdraw
3312,972,credit
2545,3644,credit
2544,2269,withdraw
2589,1995,withdraw
2590,906,withdraw
1735,2127,withdraw
2115,1258,withdraw
24,4915,withdraw
2060,6284,withdraw
1083,3502,withdraw
2286,3779,credit
7176,8351,credit
8225,4599,withdraw
1482,6723,withdraw
5133,9753,withdraw
880,6679,credit
664,2491,withdraw
3290,17052,withdraw
1361,8420,withdraw
2963,6249,withdraw
3430,1836,credit
11096,8154,withdraw
3090,9750,credit
5817,14101,credit
905,3187,withdraw
1587,7291,credit
980,3915,withdraw
4631,8237,credit
1218,14151,credit
561,1986,withdraw
1055,1306,withdraw
1368,6319,credit
9153,2692,credit
3962,3048,withdraw
1316,886,credit
1557,2291,credit
3893,1963,credit
2873,4360,credit
3450,15379,credit
3452,1976,withdraw
2376,8762,withdraw
2995,6443,withdraw
3984,1778,withdraw
659,1325,credit
3137,9910,withdraw
2734,2727,withdraw
1817,7570,credit
505,1164,credit
3125,3170,credit
3411,5472,withdraw
2386,5835,credit
1618,1756,withdraw
2827,9711,credit
3024,2302,withdraw
4794,4491,withdraw
6510,10408,credit
1362,8963,credit
7465,6186,withdraw
2610,2579,withdraw
3412,2003,withdraw
765,2193,withdraw
3182,7102,withdraw
10645,15564,withdraw
595,12207,withdraw
2531,2265,credit
1081,1874,withdraw
1553,3314,withdraw
4454,4572,credit
1391,6160,credit
3438,2296,credit
440,5563,withdraw
3390,4625,credit
3393,5369,credit
193,4523,credit
2441,5426,withdraw
2356,8173,withdraw
333,899,withdraw
1884,5003,withdraw
434,4141,withdraw
2532,19257,withdraw
3029,2344,credit
2875,7659,withdraw
2699,12677,credit
1659,2429,credit
2777,2678,withdraw
935,1354,withdraw
7045,13172,withdraw
3941,1115,credit
2761,7528,withdraw
252,2167,withdraw
592,1975,withdraw
1195,2141,withdraw
2408,5495,withdraw
7966,8026,withdraw
2261,10171,withdraw
8341,11933,credit
2507,3072,credit
3991,2566,withdraw
6706,3745,credit
1056,8606,withdraw
3387,13388,credit
2852,2896,withdraw
3043,1874,credit
9424,5402,withdraw
10404,5958,withdraw
2362,1388,credit
528,2041,withdraw
3190,4063,withdraw
1988,2021,withdraw
1390,3932,withdraw
2064,5397,withdraw
2637,7116,withdraw
9730,3370,withdraw
2689,6668,withdraw
1387,1439,credit
1860,1333,withdraw
1221,12627,withdraw
4660,8346,withdraw
3540,1765,credit
263,10465,withdraw
294,4223,withdraw
3639,2131,withdraw
2653,7682,credit
4354,11342,credit
537,2156,withdraw
17,7549,credit
3870,2305,credit
1677,3760,credit
10493,9159,withdraw
2964,1897,credit
752,4658,withdraw
6064,3007,credit
3527,9742,withdraw
2981,1427,credit
3005,11119,withdraw
3110,3773,credit
3470,2112,withdraw
11244,11674,credit
1707,5632,withdraw
2300,2513,credit
10148,4096,withdraw
512,8401,withdraw
9031,4031,withdraw
2571,19309,withdraw
3375,5078,withdraw
3304,4493,credit
3908,1730,withdraw
9549,12524,withdraw
2854,7770,withdraw
4534,4501,credit
872,2459,withdraw
1214,6836,credit
2696,2042,withdraw
1262,2620,withdraw
3910,2086,withdraw
8320,9306,withdraw
364,1420,withdraw
480,9944,withdraw
2299,3805,credit
2535,4560,credit
9179,6926,credit
6138,7186,credit
1840,4252,credit
3471,7142,withdraw
1651,10804,credit
320,2108,credit
3961,1484,withdraw
3379,6658,withdraw
3681,7444,withdraw
4052,7014,credit
3964,1493,credit
2229,5902,credit
8742,3834,credit
1853,2215,credit
52,8501,credit
3067,2341,withdraw
3861,9338,credit
1356,2490,credit
3659,3625,withdraw
1656,8144,withdraw
2103,2191,withdraw
1854,6889,withdraw
3794,7426,credit
910,1997,withdraw
3546,7510,withdraw
605,4528,credit
3990,10529,withdraw
4266,6904,withdraw
2021,2944,credit
11231,12636,withdraw
3633,4093,withdraw
4026,8582,withdraw
3620,2028,withdraw
4550,2430,credit
2455,2503,credit
1616,1839,credit
1498,9610,credit
598,4893,credit
2262,16155,withdraw
2537,16073,withdraw
2126,16718,credit
1418,4368,credit
159,8752,credit
1182,7531,withdraw
2477,2231,withdraw
11141,10900,withdraw
3565,1300,credit
130,2674,withdraw
828,5426,credit
2042,1252,withdraw
4358,15661,withdraw
2381,6695,withdraw
2085,3157,withdraw
796,6108,withdraw
1430,3067,credit
3059,6896,withdraw
10915,4384,credit
1068,5495,withdraw
3959,7439,credit
729,921,credit
1141,1148,credit
1264,6698,withdraw
424,9115,withdraw
351,2510,withdraw
1037,4802,withdraw
2656,1699,withdraw
5445,3248,withdraw
3331,5001,credit
4268,4461,withdraw
3236,1657,withdraw
1447,4759,withdraw
2766,2672,credit
3188,6543,withdraw
1524,1788,credit
4746,15707,credit
3337,15520,credit
226,7233,withdraw
2016,1089,credit
323,2737,credit
1619,2495,withdraw
5180,12363,credit
2194,7751,withdraw
1818,8181,credit
2661,3641,credit
2937,2248,credit
1336,6517,withdraw
2797,8636,credit
2325,5207,withdraw
1736,2634,withdraw
292,2040,withdraw
2380,3168,credit
3851,7700,credit
2415,6469,withdraw
2782,11280,withdraw
195,5847,withdraw
2405,5352,withdraw
3541,2097,credit
3242,3425,withdraw
3652,2357,credit
1928,5811,withdraw
2024,4497,withdraw
919,4334,withdraw
1096,2429,withdraw
1215,2072,credit
6306,6742,credit
2089,11373,withdraw
850,11635,withdraw
1668,2204,withdraw
3574,1690,credit
6061,7498,credit
2224,10135,withdraw
2270,2392,credit
214,1333,withdraw
3031,1741,credit
1746,8884,withdraw
64,4953,withdraw
3842,2042,withdraw
600,6839,credit
405,10057,credit
3971,6991,credit
1740,1834,withdraw
114,1512,credit
2672,1303,withdraw
2760,5342,credit
2597,6892,withdraw
2908,6558,credit
3782,8414,withdraw
3328,2143,credit
2354,7741,withdraw
191,19371,withdraw
10652,8900,withdraw
1199,2050,withdraw
3083,10730,credit
2495,3018,withdraw
2690,2531,credit
304,13622,withdraw
8505,5202,withdraw
578,5222,withdraw
8926,4270,withdraw
85,2881,credit
1165,5856,credit
749,2546,withdraw
1363,6693,withdraw
8026,9632,credit
3332,3444,withdraw
3658,1808,withdraw
1907,6071,withdraw
3739,9020,withdraw
1976,4984,withdraw
1459,1210,credit
1466,3208,withdraw
3581,3815,withdraw
3176,1906,credit
1321,2171,withdraw
2966,11945,withdraw
157,2800,withdraw
2843,7558,credit
2158,3463,withdraw
3266,1492,credit
442,10057,withdraw
2048,4755,credit
3885,2651,credit
1863,2649,withdraw
2725,5497,withdraw
10068,12186,withdraw
3695,5137,withdraw
2874,1294,withdraw
9167,7302,withdraw
144,12419,withdraw
2899,9085,withdraw
1034,2959,withdraw
1933,2365,withdraw
1594,5745,withdraw
49,1969,credit
1138,2939,credit
3544,8016,withdraw
10812,8902,withdraw
4208,1594,credit
2165,7216,withdraw
1636,8827,credit
2954,9182,credit
3460,8883,withdraw
843,1075,withdraw
2901,3495,withdraw
1734,8924,withdraw
476,2600,withdraw
2466,6998,withdraw
1407,14306,credit
927,4628,withdraw
2166,4198,credit
1259,4085,withdraw
1598,13821,credit
2575,2154,credit
1253,6127,withdraw
4467,5598,credit
4725,10859,withdraw
1915,3766,credit
3716,2960,withdraw
1281,5970,credit
1560,2411,withdraw
3398,2333,withdraw
12,2045,credit
1665,2649,withdraw
3634,20534,credit
189,6120,withdraw
3077,5545,withdraw
3897,8299,withdraw
2586,12970,withdraw
4475,8210,credit
2055,4652,credit
1035,6333,credit
407,6565,credit
1687,1844,withdraw
3012,1808,credit
2744,8308,withdraw
3194,5856,withdraw
109,1801,withdraw
1198,7592,credit
3830,6038,withdraw
3692,2095,credit
3217,11885,withdraw
453,9009,withdraw
2539,2112,withdraw
794,1160,credit
636,2087,withdraw
309,7708,withdraw
3052,5313,credit
589,8203,withdraw
9484,3286,credit
10134,12365,withdraw
873,2371,withdraw
3846,1393,credit
912,1432,credit
2080,16645,withdraw
2857,15184,withdraw
240,9454,credit
2952,1755,withdraw
647,5291,credit
1488,3836,withdraw
2612,9644,withdraw
3104,1609,credit
1693,12109,withdraw
2451,6349,credit
10257,14308,credit
98,1626,withdraw
1024,1237,withdraw
2173,2109,credit
3119,938,withdraw
1230,14700,credit
2594,12459,credit
3635,1593,credit
1178,7935,withdraw
2816,5871,withdraw
3773,2337,credit
722,9404,withdraw
3988,1997,credit
293,3553,credit
2184,9709,withdraw
10022,8298,credit
2800,7494,withdraw
3506,4077,withdraw
3711,7529,withdraw
1982,5655,withdraw
997,1168,credit
1385,6721,credit
316,2571,credit
2071,5685,withdraw
2141,9166,withdraw
2127,1433,credit
367,5809,withdraw
250,2530,withdraw
3214,1755,withdraw
3577,4905,credit
475,1976,credit
1130,2407,credit
3742,2016,credit
2118,8516,withdraw
2448,1195,credit
2005,1321,withdraw
6922,12895,withdraw
3122,3704,credit
282,7275,withdraw
3140,2735,withdraw
3790,10733,withdraw
5164,2773,credit
8149,9097,withdraw
2900,8252,credit
139,13743,withdraw
3344,12965,withdraw
1953,17112,credit
383,1363,withdraw
3299,9935,withdraw
1808,12255,withdraw
1697,1070,withdraw
8713,5197,credit
2392,7017,credit
2366,1903,withdraw
2668,6065,credit
3403,10988,withdraw
1424,7133,withdraw
2698,6715,withdraw
3872,4107,withdraw
2743,6508,credit
10343,3195,withdraw
834,1801,credit
4729,4212,withdraw
1956,3328,withdraw
760,3402,credit
2324,5915,withdraw
7559,2509,withdraw
9208,5551,withdraw
3163,13669,credit
1710,2451,credit
3732,1807,withdraw
3662,8644,withdraw
534,4339,withdraw
868,3984,credit
11053,13800,withdraw
3172,1007,credit
464,2247,withdraw
3905,11028,withdraw
1574,1753,withdraw
2891,6782,credit
10679,17578,withdraw
2860,13755,withdraw
5,1987,credit
4527,10479,credit
4130,10361,credit
3951,3028,withdraw
2564,8101,withdraw
3700,7380,credit
3202,1609,withdraw
879,1345,credit
2404,5365,withdraw
5944,7562,withdraw
1537,5430,withdraw
3768,13240,credit
614,2069,withdraw
1185,1593,credit
9673,5040,credit
229,2129,credit
1724,2384,withdraw
682,1016,withdraw
349,3192,withdraw
291,15518,withdraw
3060,8388,credit
3211,1186,credit
4471,11439,withdraw
2956,5872,withdraw
1491,5575,withdraw
2019,1015,withdraw
3496,13510,withdraw
7180,8374,credit
1841,2179,withdraw
2509,11805,credit
5648,18237,credit
1753,7897,credit
1015,2908,withdraw
2878,2954,credit
2372,1188,withdraw
6097,3118,withdraw
3953,9914,credit
2720,12311,withdraw
2006,1934,credit
2135,3999,withdraw
1095,5659,withdraw
1551,2236,credit
3703,1118,withdraw
3719,4982,withdraw
2057,6041,withdraw
2560,3405,withdraw
3986,3630,credit
1354,2067,credit
4858,11896,withdraw
3996,2344,credit
622,6866,withdraw
1839,5260,withdraw
2340,3839,credit
3100,7713,withdraw
641,9523,credit
3262,9463,withdraw
438,7484,withdraw
8645,5113,withdraw
672,3222,credit
3461,2968,credit
4309,2046,credit
3075,1914,withdraw
2443,9432,withdraw
2200,5470,credit
2806,3934,credit
3245,2731,withdraw
4301,5840,withdraw
556,7993,withdraw
1921,1391,withdraw
4156,10221,credit
2939,2455,credit
3524,2082,withdraw
3665,8669,credit
5196,13053,credit
2883,2103,withdraw
1346,1307,withdraw
1514,2125,credit
2208,1312,credit
8153,13739,withdraw
1255,12891,withdraw
1284,12306,credit
2081,1584,withdraw
3154,7826,credit
7721,8737,withdraw
3889,1002,withdraw
8919,1894,withdraw
3085,4667,credit
768,2291,credit
185,7232,withdraw
10774,4081,credit
4150,5286,credit
2728,9938,withdraw
1339,11934,withdraw
1929,1792,withdraw
3433,1684,withdraw
2337,7144,withdraw
3,2522,credit
2093,7404,withdraw
3529,8564,credit
4336,11877,withdraw
3906,13345,withdraw
864,2650,credit
2169,7748,withdraw
1647,2016,credit
258,2539,withdraw
105,8444,withdraw
1110,5484,withdraw
2992,4419,withdraw
11317,14028,withdraw
1681,6820,credit
3428,5252,credit
10644,14303,withdraw
2182,3813,credit
679,4795,credit
9560,11608,withdraw
3985,1784,withdraw
3833,11214,credit
469,2078,credit
705,2773,credit
2452,2496,withdraw
2447,4733,withdraw
483,1318,withdraw
2678,15340,credit
7052,4918,withdraw
2183,7180,credit
1027,1700,withdraw
1995,2284,credit
680,6048,withdraw
284,7650,credit
2369,5642,withdraw
211,16762,withdraw
3867,5569,withdraw
1432,13752,credit
1890,14274,withdraw
2204,2974,withdraw
970,6326,withdraw
611,1534,withdraw
2316,1260,credit
5290,7156,withdraw
3057,7694,credit
801,2466,withdraw
1794,2388,credit
2196,2279,withdraw
2646,12957,withdraw
2679,2756,withdraw
2722,2426,withdraw
1454,2647,withdraw
3346,7960,withdraw
2587,4216,credit
2197,5228,credit
547,1435,credit
1776,4675,withdraw
5758,8955,withdraw
3185,4498,withdraw
811,12231,withdraw
1950,5021,withdraw
3381,7718,withdraw
41,7819,credit
1522,2643,withdraw
3343,8019,credit
4533,15475,credit
3686,1295,withdraw
4091,4987,credit
2558,1259,credit
2927,8947,credit
3208,13654,withdraw
6602,5859,credit
1033,3651,withdraw
2449,5923,credit
1389,10548,withdraw
3281,2625,withdraw
3724,5855,withdraw
2000,5134,withdraw
326,1983,withdraw
1951,6089,withdraw
4445,5542,credit
307,10055,credit
2644,1655,withdraw
3293,10264,withdraw
2338,14692,credit
1648,2159,credit
1319,8843,withdraw
7437,4294,credit
38,4273,withdraw
4784,11980,withdraw
1434,1987,credit
311,3938,credit
785,8514,withdraw
2776,2080,credit
386,6839,credit
5572,9481,credit
1662,8565,credit
2138,9629,withdraw
3046,1644,withdraw
591,1935,withdraw
1043,10054,withdraw
792,1344,credit
9433,6960,withdraw
509,6609,credit
1747,1086,credit
3097,1767,withdraw
2073,6946,credit
3062,2194,withdraw
1355,7216,credit
1881,3253,withdraw
13,2776,withdraw
2595,2802,credit
1857,2771,credit
2829,1991,withdraw
2485,1786,withdraw
529,2612,credit
37,7082,credit
996,2431,withdraw
9140,3636,withdraw
10799,2244,withdraw
2607,3270,withdraw
1567,6358,credit
653,6818,withdraw
1181,2358,credit
1845,11280,withdraw
2845,8895,withdraw
3070,6917,withdraw
1795,7640,withdraw
2442,1187,withdraw
645,16769,withdraw
4003,15111,withdraw
3537,2266,credit
8639,5811,credit
2394,4707,withdraw
859,3146,withdraw
3798,5550,credit
2317,1945,credit
3828,1345,credit
1154,14438,withdraw
2422,2364,credit
3556,5255,withdraw
3901,7376,credit
3950,9489,credit
2492,2395,withdraw
2142,7115,credit
2172,2148,credit
909,1183,withdraw
45,1933,credit
1026,6593,withdraw
10243,18046,withdraw
585,2788,credit
4158,11140,withdraw
5698,12776,withdraw
3444,7550,withdraw
1764,4402,withdraw
178,1064,withdraw
2079,7612,withdraw
3516,19376,credit
2444,11442,withdraw
2480,14996,withdraw
2351,7837,credit
1303,2677,credit
1790,3928,withdraw
783,2323,credit
1729,4418,withdraw
10650,17116,withdraw
2997,1497,withdraw
2684,2850,withdraw
2459,1971,withdraw
7156,7166,credit
1085,5260,credit
1783,4037,withdraw
1240,4961,withdraw
6505,7720,withdraw
677,11084,credit
402,7163,withdraw
3852,1999,credit
384,18488,credit
3987,4538,withdraw
9156,7811,credit
1946,7955,credit
3274,9750,credit
5870,15869,credit
3671,2059,credit
735,2271,credit
3603,7779,withdraw
1872,4676,withdraw
118,1843,credit
1438,7908,credit
5283,15662,withdraw
328,2521,withdraw
823,1076,withdraw
3300,16940,withdraw
387,12048,withdraw
3657,2273,credit
2765,4327,credit
1876,6418,credit
3103,4735,credit
3463,4349,credit
179,10250,withdraw
1101,9765,withdraw
3610,1643,withdraw
1718,16213,credit
1814,2381,credit
16,11023,credit
4616,14095,withdraw
2942,2346,credit
3757,8671,withdraw
89,2610,withdraw
177,9977,withdraw
3106,11750,withdraw
4128,10642,withdraw
2312,2605,credit
755,9142,withdraw
2846,2601,withdraw
1443,8535,withdraw
1992,3100,withdraw
3916,5693,credit
2745,5832,withdraw
3383,1907,credit
7274,8891,credit
10152,7356,withdraw
2461,1900,credit
1064,2421,credit
2007,14768,credit
2370,7373,withdraw
129,2894,credit
1313,17463,credit
1379,4591,withdraw
6866,8528,credit
4132,4328,withdraw
2136,4833,withdraw
2036,2707,withdraw
3401,9340,credit
4116,14692,credit
1596,1800,credit
3342,6943,withdraw
2715,1030,withdraw
4143,10568,withdraw
2133,1816,withdraw
1608,2219,credit
1150,2006,withdraw
2634,9255,withdraw
205,3128,withdraw
1494,11327,credit
2272,3114,withdraw
2069,4789,withdraw
745,1896,credit
1342,6899,credit
3813,3652,withdraw
121,1273,credit
133,11743,credit
2097,1999,withdraw
2897,17121,withdraw
1727,8837,credit
7049,19986,credit
5708,12647,withdraw
502,1914,withdraw
1279,2487,withdraw
1506,3594,credit
2231,2471,withdraw
1968,7314,withdraw
3023,2532,credit
2879,4990,credit
966,1467,withdraw
3561,1866,withdraw
1807,8996,withdraw
11327,7465,withdraw
2053,3186,withdraw
2215,2682,withdraw
3324,2981,credit
1061,3040,credit
550,2153,withdraw
3919,7515,withdraw
3875,15676,withdraw
2579,2186,credit
961,6486,withdraw
2556,1364,withdraw
2311,8614,withdraw
1615,2942,credit
2756,9374,withdraw
2910,15670,withdraw
1572,6473,credit
156,1723,withdraw
3922,2787,credit
3857,1448,withdraw
2371,7152,withdraw
1209,2286,withdraw
2152,2333,withdraw
852,1256,credit
398,2129,credit
2174,7893,withdraw
3705,18560,withdraw
1172,6802,credit
876,2957,credit
3963,4249,withdraw
2413,6097,withdraw
1340,1518,credit
2703,1437,credit
643,3586,credit
671,2994,credit
2784,2834,withdraw
782,9349,credit
1703,2334,credit
3598,6735,withdraw
3325,15913,credit
639,1806,withdraw
606,8702,credit
10613,12555,withdraw
1657,1342,withdraw
3404,8683,credit
9227,2073,credit
1723,6809,withdraw
2296,9800,credit
3395,9652,withdraw
2402,2692,withdraw
644,1076,withdraw
1140,2284,credit
2391,3711,withdraw
1208,6388,withdraw
2998,7857,credit
696,2070,withdraw
867,8869,withdraw
952,4550,credit
2211,20843,withdraw
3423,2776,withdraw
2831,7082,withdraw
3360,6017,withdraw
1348,3212,credit
1245,4727,withdraw
2920,9997,withdraw
566,15942,withdraw
2658,1105,credit
2721,5335,credit
2221,1276,withdraw
1833,2719,withdraw
149,1982,credit
3082,5623,credit
3156,14974,credit
2438,4462,credit
2693,6752,credit
1866,5176,withdraw
3365,2386,withdraw
3382,11298,credit
3396,7613,credit
2125,11851,credit
1125,11734,credit
2162,11244,credit
3105,1480,withdraw
2832,1480,withdraw
2850,1356,credit
2979,2362,withdraw
3102,7326,credit
295,9091,withdraw
1523,13358,credit
215,1537,credit
3333,3198,withdraw
421,4137,withdraw
3715,2546,credit
934,2775,withdraw
1798,7548,withdraw
4386,8759,credit
10005,13595,credit
232,9500,credit
1868,5366,credit
1717,2886,withdraw
298,6544,credit
1960,1189,credit
1049,1481,withdraw
2918,12485,credit
4140,10323,credit
1650,6308,withdraw
3415,3401,credit
21,4813,credit
800,1974,withdraw
2787,8868,withdraw
3722,5331,credit
736,1793,credit
2796,14941,withdraw
2775,14089,withdraw
3406,2510,credit
276,11083,withdraw
673,6862,withdraw
315,3400,credit
1156,10137,withdraw
1072,5498,credit
3836,7944,withdraw
3013,1957,withdraw
134,4911,credit
1229,6970,credit
3209,7296,withdraw
3033,967,credit
3174,2398,credit
2820,1930,credit
3501,6978,withdraw
938,2252,withdraw
3616,2669,credit
3992,9121,credit
579,2631,withdraw
3911,1348,credit
2892,3131,credit
1186,2916,withdraw
2440,8266,credit
2049,3489,credit
758,3567,credit
2791,2530,credit
3169,7145,withdraw
1177,7374,withdraw
1171,7353,withdraw
3187,1372,withdraw
246,2020,credit
3385,2491,credit
703,1887,credit
889,1968,credit
1318,6131,withdraw
3934,2995,credit
4332,10387,credit
564,7645,withdraw
727,3218,withdraw
1983,10656,credit
3048,7262,credit
906,1532,credit
3025,2692,credit
845,10344,withdraw
124,1279,credit
3958,11858,credit
777,15790,withdraw
3276,2444,credit
1573,2542,credit